#
# There is insufficient memory for the Java Runtime Environment to continue.
# Native memory allocation (mmap) failed to map 2604662784 bytes. Error detail: G1 virtual space
# Possible reasons:
#   The system is out of physical RAM or swap space
#   This process is running with CompressedOops enabled, and the Java Heap may be blocking the growth of the native heap
# Possible solutions:
#   Reduce memory load on the system
#   Increase physical memory or swap space
#   Check if swap backing store is full
#   Decrease Java heap size (-Xmx/-Xms)
#   Decrease number of Java threads
#   Decrease Java thread stack sizes (-Xss)
#   Set larger code cache with -XX:ReservedCodeCacheSize=
#   JVM is running with Zero Based Compressed Oops mode in which the Java heap is
#     placed in the first 32GB address space. The Java Heap base address is the
#     maximum limit for the native heap growth. Please use -XX:HeapBaseMinAddress
#     to set the Java Heap base and to place the Java Heap above 32GB virtual address.
# This output file may be truncated or incomplete.
#
#  Out of Memory Error (os_windows.cpp:3690), pid=33716, tid=3288
#
# JRE version: OpenJDK Runtime Environment Microsoft-13877129 (17.0.19+10) (build 17.0.19+10-LTS)
# Java VM: OpenJDK 64-Bit Server VM Microsoft-13877129 (17.0.19+10-LTS, mixed mode, sharing, tiered, compressed oops, compressed class ptrs, g1 gc, windows-amd64)
# No core dump will be written. Minidumps are not enabled by default on client versions of Windows
#

---------------  S U M M A R Y ------------

Command Line: --add-opens=java.base/java.lang=ALL-UNNAMED --add-opens=java.base/java.lang.invoke=ALL-UNNAMED --add-opens=java.base/java.util=ALL-UNNAMED --add-opens=java.prefs/java.util.prefs=ALL-UNNAMED --add-exports=jdk.compiler/com.sun.tools.javac.api=ALL-UNNAMED --add-exports=jdk.compiler/com.sun.tools.javac.util=ALL-UNNAMED --add-opens=java.base/java.util=ALL-UNNAMED --add-opens=java.prefs/java.util.prefs=ALL-UNNAMED --add-opens=java.base/java.nio.charset=ALL-UNNAMED --add-opens=java.base/java.net=ALL-UNNAMED --add-opens=java.base/java.util.concurrent=ALL-UNNAMED --add-opens=java.base/java.util.concurrent.atomic=ALL-UNNAMED --add-opens=java.xml/javax.xml.namespace=ALL-UNNAMED --add-opens=java.base/java.time=ALL-UNNAMED -XX:MaxMetaspaceSize=4G -XX:ReservedCodeCacheSize=512m -XX:+HeapDumpOnOutOfMemoryError -Xmx8G -Dfile.encoding=GBK -Duser.country=CN -Duser.language=zh -Duser.variant -javaagent:C:\Users\Administrator\.gradle\wrapper\dists\gradle-9.1.0-all\2x09zxy9y9fz2e9j6blrf3xag\gradle-9.1.0\lib\agents\gradle-instrumentation-agent-9.1.0.jar org.gradle.launcher.daemon.bootstrap.GradleDaemon 9.1.0

Host: Intel(R) Core(TM) i5-10400 CPU @ 2.90GHz, 12 cores, 15G,  Windows 10 , 64 bit Build 19041 (10.0.19041.292)
Time: Sun Sep 13 18:17:40 2026  Windows 10 , 64 bit Build 19041 (10.0.19041.292) elapsed time: 217.310595 seconds (0d 0h 3m 37s)

---------------  T H R E A D  ---------------

Current thread (0x00000000403534a0):  VMThread "VM Thread" [stack: 0x0000000041010000,0x0000000041110000] [id=3288]

Stack: [0x0000000041010000,0x0000000041110000]
Native frames: (J=compiled Java code, j=interpreted, Vv=VM code, C=native code)
V  [jvm.dll+0x68cc89]  (no source info available)
V  [jvm.dll+0x845d89]  (no source info available)
V  [jvm.dll+0x847af8]  (no source info available)
V  [jvm.dll+0x848183]  (no source info available)
V  [jvm.dll+0x24d0bf]  (no source info available)
V  [jvm.dll+0x68c089]  (no source info available)
V  [jvm.dll+0x68064a]  (no source info available)
V  [jvm.dll+0x3102f0]  (no source info available)
V  [jvm.dll+0x310192]  (no source info available)
V  [jvm.dll+0x317709]  (no source info available)
V  [jvm.dll+0x369b09]  (no source info available)
V  [jvm.dll+0x369d3d]  (no source info available)
V  [jvm.dll+0x2e6afa]  (no source info available)
V  [jvm.dll+0x2e4ef1]  (no source info available)
V  [jvm.dll+0x2e468c]  (no source info available)
V  [jvm.dll+0x32903b]  (no source info available)
V  [jvm.dll+0x84ca0d]  (no source info available)
V  [jvm.dll+0x84d723]  (no source info available)
V  [jvm.dll+0x84dc54]  (no source info available)
V  [jvm.dll+0x84e038]  (no source info available)
V  [jvm.dll+0x84e12e]  (no source info available)
V  [jvm.dll+0x7f62cc]  (no source info available)
V  [jvm.dll+0x68e227]  (no source info available)
C  [ucrtbase.dll+0x214c2]  (no source info available)
C  [KERNEL32.DLL+0x16fd4]  (no source info available)
C  [ntdll.dll+0x4cec1]  (no source info available)

VM_Operation (0x00000000686fe180): G1CollectForAllocation, mode: safepoint, requested by thread 0x00000000623b3a90


---------------  P R O C E S S  ---------------

Threads class SMR info:
_java_thread_list=0x0000000060882950, length=218, elements={
0x0000000002b5e070, 0x000000004035ad60, 0x000000004035e910, 0x000000004131b080,
0x000000004131cac0, 0x000000004131d390, 0x000000004131dc60, 0x000000004131e860,
0x000000004131f220, 0x0000000041321b40, 0x00000000403416d0, 0x00000000414baea0,
0x00000000471748e0, 0x00000000471dbd60, 0x000000004746c740, 0x00000000473af1c0,
0x00000000473afa70, 0x0000000047bd10e0, 0x0000000047c15f80, 0x0000000047d42400,
0x0000000047d43d50, 0x0000000047d42910, 0x0000000047d44260, 0x0000000047d42e20,
0x0000000047d419e0, 0x0000000047d43330, 0x0000000047d43840, 0x0000000047d44770,
0x0000000047d41ef0, 0x0000000047d40fc0, 0x000000004a5720a0, 0x000000004a56f310,
0x000000004a5725b0, 0x000000004a572ac0, 0x000000004a570c60, 0x000000004a572fd0,
0x000000004a570240, 0x000000004a573f00, 0x000000004a574410, 0x000000004a570750,
0x000000004a571170, 0x000000004a574920, 0x000000004a574e30, 0x000000004a571680,
0x000000004a575340, 0x000000004a575850, 0x000000004a56fd30, 0x000000004a56e3e0,
0x000000004a575d60, 0x000000004a56e8f0, 0x000000004a56ee00, 0x000000004abeab20,
0x000000004abed3a0, 0x000000004abed8b0, 0x000000004abec980, 0x000000004abea610,
0x000000004abeb030, 0x000000004abec470, 0x000000004abea100, 0x000000004abece90,
0x000000004abeb540, 0x000000004abeba50, 0x000000004abebf60, 0x00000000499e5c80,
0x00000000499e70c0, 0x00000000499eb7a0, 0x00000000499e8500, 0x00000000499e4d50,
0x00000000499e8a10, 0x00000000499ead80, 0x00000000499e6190, 0x00000000499e8f20,
0x00000000499e6bb0, 0x00000000499e9940, 0x00000000499e4840, 0x00000000499ebcb0,
0x00000000499e75d0, 0x00000000499e7ae0, 0x00000000499e7ff0, 0x000000004ce9c100,
0x000000004ce9b1d0, 0x000000004ce97a20, 0x000000004ce99880, 0x000000004ce98440,
0x000000004ce98950, 0x000000004ce97510, 0x000000004ce9a7b0, 0x000000004ce97f30,
0x000000004ce98e60, 0x000000004ce9b6e0, 0x000000004ce99370, 0x000000004ce960d0,
0x000000004ce9bbf0, 0x000000004ce97000, 0x000000004ce9a2a0, 0x000000004ce9acc0,
0x000000004ce9cb20, 0x000000004ce9d030, 0x000000004ce95bc0, 0x000000004ce9d540,
0x000000004ce965e0, 0x000000004ce96af0, 0x000000004d1ca5f0, 0x000000004d1c4ad0,
0x000000004d1c96c0, 0x000000004d1c91b0, 0x000000004d1cbf40, 0x000000004d1cab00,
0x000000004d1cb010, 0x000000004d1c6e40, 0x000000004d1c9bd0, 0x000000004d1c54f0,
0x000000004d1c7860, 0x000000004d1cba30, 0x000000004d1cb520, 0x000000004d1c6420,
0x000000004d1c7d70, 0x000000004d1c5a00, 0x000000004d1c5f10, 0x000000004d1c6930,
0x000000004d1c4fe0, 0x000000004d1c7350, 0x000000004d1c8280, 0x000000004d1c8790,
0x000000004d1c8ca0, 0x000000004d1ca0e0, 0x000000004aefbbc0, 0x000000004aefdf30,
0x000000004aeff880, 0x000000004aefc0d0, 0x000000004aefc5e0, 0x000000004aefda20,
0x000000004aeffd90, 0x000000004aefa780, 0x000000004aefe440, 0x000000004aefee60,
0x000000004af007b0, 0x000000004af002a0, 0x000000004aefe950, 0x000000004af00cc0,
0x000000004aefcaf0, 0x000000004aefac90, 0x000000004aefd000, 0x000000004aefd510,
0x000000004af011d0, 0x000000004aefb1a0, 0x000000004aef9d60, 0x000000004af016e0,
0x000000004aefa270, 0x000000004aefb6b0, 0x000000004ce354d0, 0x000000004ce39bb0,
0x000000004ce37330, 0x000000004ce3bf20, 0x000000004ce38770, 0x000000004ce36400,
0x000000004ce35ef0, 0x000000004ce36e20, 0x000000004ce38260, 0x000000004ce38c80,
0x000000004a571b90, 0x0000000050e9e640, 0x0000000050ea09b0, 0x0000000050ea55a0,
0x0000000050ea2300, 0x0000000050ea3230, 0x0000000050e9f060, 0x0000000050ea2d20,
0x0000000050ea5090, 0x0000000050ea2810, 0x0000000050ea3740, 0x0000000050ea4670,
0x0000000050e9e130, 0x0000000050ea3c50, 0x0000000050ea18e0, 0x0000000050ea4160,
0x0000000050ea5ab0, 0x0000000050ea13d0, 0x0000000050ea1df0, 0x0000000050e9ff90,
0x0000000050e9f570, 0x0000000050ea04a0, 0x00000000499ea360, 0x0000000052ef4810,
0x0000000052eefc20, 0x0000000052ef1570, 0x000000005f9d9860, 0x000000005f9da280,
0x000000005f9db1b0, 0x000000005f9d8930, 0x000000005f9dc5f0, 0x000000005f9d65c0,
0x000000005f9dcb00, 0x000000005f9d7f10, 0x000000005f9d6ad0, 0x000000005f9dfda0,
0x000000005f9ddf40, 0x000000005f9e2b30, 0x000000005f9e3550, 0x000000005f9df380,
0x000000005f9e02b0, 0x000000005e305230, 0x000000005f9e3a60, 0x000000005f9df890,
0x000000005f9e11e0, 0x000000005f9e1c00, 0x0000000052eef200, 0x0000000052eef710,
0x0000000052ef0b50, 0x0000000052ef1060, 0x0000000052ef24a0, 0x000000004aeff370,
0x000000004ce99d90, 0x000000004a5734e0, 0x00000000623b3a90, 0x00000000623b1c30,
0x00000000623af3b0, 0x00000000623b1720
}

Java Threads: ( => current thread )
  0x0000000002b5e070 JavaThread "main" [_thread_blocked, id=35752, stack(0x0000000002220000,0x0000000002320000)]
  0x000000004035ad60 JavaThread "Reference Handler" daemon [_thread_blocked, id=22436, stack(0x0000000041110000,0x0000000041210000)]
  0x000000004035e910 JavaThread "Finalizer" daemon [_thread_blocked, id=28420, stack(0x0000000041210000,0x0000000041310000)]
  0x000000004131b080 JavaThread "Signal Dispatcher" daemon [_thread_blocked, id=61412, stack(0x0000000041710000,0x0000000041810000)]
  0x000000004131cac0 JavaThread "Attach Listener" daemon [_thread_blocked, id=4056, stack(0x0000000041810000,0x0000000041910000)]
  0x000000004131d390 JavaThread "Service Thread" daemon [_thread_blocked, id=46900, stack(0x0000000041910000,0x0000000041a10000)]
  0x000000004131dc60 JavaThread "Monitor Deflation Thread" daemon [_thread_blocked, id=11708, stack(0x0000000041a10000,0x0000000041b10000)]
  0x000000004131e860 JavaThread "C2 CompilerThread0" daemon [_thread_blocked, id=47624, stack(0x0000000041b10000,0x0000000041c10000)]
  0x000000004131f220 JavaThread "C1 CompilerThread0" daemon [_thread_blocked, id=25584, stack(0x0000000041c10000,0x0000000041d10000)]
  0x0000000041321b40 JavaThread "Sweeper thread" daemon [_thread_blocked, id=13460, stack(0x0000000041d10000,0x0000000041e10000)]
  0x00000000403416d0 JavaThread "Common-Cleaner" daemon [_thread_blocked, id=5896, stack(0x0000000041e10000,0x0000000041f10000)]
  0x00000000414baea0 JavaThread "Notification Thread" daemon [_thread_blocked, id=34000, stack(0x0000000046000000,0x0000000046100000)]
  0x00000000471748e0 JavaThread "Daemon health stats" [_thread_blocked, id=34992, stack(0x0000000047fd0000,0x00000000480d0000)]
  0x00000000471dbd60 JavaThread "Incoming local TCP Connector on port 56770" [_thread_in_native, id=46124, stack(0x0000000048410000,0x0000000048510000)]
  0x000000004746c740 JavaThread "Daemon periodic checks" [_thread_blocked, id=8076, stack(0x0000000048510000,0x0000000048610000)]
  0x00000000473af1c0 JavaThread "Daemon" [_thread_blocked, id=11300, stack(0x0000000048710000,0x0000000048810000)]
  0x00000000473afa70 JavaThread "Handler for socket connection from /127.0.0.1:56770 to /127.0.0.1:56772" [_thread_in_native, id=40952, stack(0x0000000048810000,0x0000000048910000)]
  0x0000000047bd10e0 JavaThread "Cancel handler" [_thread_blocked, id=31796, stack(0x0000000048910000,0x0000000048a10000)]
  0x0000000047c15f80 JavaThread "Daemon worker" [_thread_blocked, id=44244, stack(0x0000000048e10000,0x0000000048f10000)]
  0x0000000047d42400 JavaThread "Asynchronous log dispatcher for DefaultDaemonConnection: socket connection from /127.0.0.1:56770 to /127.0.0.1:56772" [_thread_blocked, id=24188, stack(0x0000000048f10000,0x0000000049010000)]
  0x0000000047d43d50 JavaThread "Stdin handler" [_thread_blocked, id=49452, stack(0x0000000049fe0000,0x000000004a0e0000)]
  0x0000000047d42910 JavaThread "Daemon client event forwarder" [_thread_blocked, id=46016, stack(0x000000004a0e0000,0x000000004a1e0000)]
  0x0000000047d44260 JavaThread "Cache worker for journal cache (C:\Users\Administrator\.gradle\caches\journal-1)" [_thread_blocked, id=29672, stack(0x0000000047ed0000,0x0000000047fd0000)]
  0x0000000047d42e20 JavaThread "File lock request listener" [_thread_in_native, id=19776, stack(0x000000004b1b0000,0x000000004b2b0000)]
  0x0000000047d419e0 JavaThread "Cache worker for file hash cache (C:\Users\Administrator\.gradle\caches\9.1.0\fileHashes)" [_thread_blocked, id=24800, stack(0x000000004b570000,0x000000004b670000)]
  0x0000000047d43330 JavaThread "File lock release action executor" [_thread_blocked, id=7172, stack(0x000000004b2b0000,0x000000004b3b0000)]
  0x0000000047d43840 JavaThread "Cache worker for file hash cache (D:\xml\private_md3music\android\.gradle\9.1.0\fileHashes)" [_thread_blocked, id=16212, stack(0x000000004b870000,0x000000004b970000)]
  0x0000000047d44770 JavaThread "Cache worker for Build Output Cleanup Cache (D:\xml\private_md3music\android\.gradle\buildOutputCleanup)" [_thread_blocked, id=25632, stack(0x000000004b970000,0x000000004ba70000)]
  0x0000000047d41ef0 JavaThread "File watcher server" daemon [_thread_blocked, id=43180, stack(0x000000004ba70000,0x000000004bb70000)]
  0x0000000047d40fc0 JavaThread "File watcher consumer" daemon [_thread_blocked, id=37556, stack(0x000000004bb70000,0x000000004bc70000)]
  0x000000004a5720a0 JavaThread "Cache worker for checksums cache (D:\xml\private_md3music\android\.gradle\9.1.0\checksums)" [_thread_blocked, id=54928, stack(0x000000004b770000,0x000000004b870000)]
  0x000000004a56f310 JavaThread "Cache worker for file content cache (C:\Users\Administrator\.gradle\caches\9.1.0\fileContent)" [_thread_blocked, id=15948, stack(0x000000004bc70000,0x000000004bd70000)]
  0x000000004a5725b0 JavaThread "Cache worker for cache directory md-supplier (C:\Users\Administrator\.gradle\caches\9.1.0\md-supplier)" [_thread_blocked, id=52824, stack(0x000000004bd70000,0x000000004be70000)]
  0x000000004a572ac0 JavaThread "Cache worker for cache directory md-rule (C:\Users\Administrator\.gradle\caches\9.1.0\md-rule)" [_thread_blocked, id=27108, stack(0x000000004c250000,0x000000004c350000)]
  0x000000004a570c60 JavaThread "jar transforms" [_thread_blocked, id=38280, stack(0x000000004c050000,0x000000004c150000)]
  0x000000004a572fd0 JavaThread "jar transforms Thread 2" [_thread_blocked, id=38436, stack(0x000000004be70000,0x000000004bf70000)]
  0x000000004a570240 JavaThread "Cache worker for Build Output Cleanup Cache (D:\dev\flutter\packages\flutter_tools\gradle\.gradle\buildOutputCleanup)" [_thread_blocked, id=11748, stack(0x000000004d320000,0x000000004d420000)]
  0x000000004a573f00 JavaThread "Unconstrained build operations" [_thread_blocked, id=14092, stack(0x000000004c150000,0x000000004c250000)]
  0x000000004a574410 JavaThread "Unconstrained build operations Thread 2" [_thread_blocked, id=19584, stack(0x000000004d420000,0x000000004d520000)]
  0x000000004a570750 JavaThread "Unconstrained build operations Thread 3" [_thread_blocked, id=49072, stack(0x000000004d520000,0x000000004d620000)]
  0x000000004a571170 JavaThread "Unconstrained build operations Thread 4" [_thread_blocked, id=18656, stack(0x000000004d620000,0x000000004d720000)]
  0x000000004a574920 JavaThread "Unconstrained build operations Thread 5" [_thread_blocked, id=18960, stack(0x000000004d720000,0x000000004d820000)]
  0x000000004a574e30 JavaThread "Unconstrained build operations Thread 6" [_thread_blocked, id=45028, stack(0x000000004e890000,0x000000004e990000)]
  0x000000004a571680 JavaThread "Unconstrained build operations Thread 7" [_thread_blocked, id=54996, stack(0x000000004e990000,0x000000004ea90000)]
  0x000000004a575340 JavaThread "Unconstrained build operations Thread 8" [_thread_blocked, id=59632, stack(0x000000004ea90000,0x000000004eb90000)]
  0x000000004a575850 JavaThread "Unconstrained build operations Thread 9" [_thread_blocked, id=6076, stack(0x000000004eb90000,0x000000004ec90000)]
  0x000000004a56fd30 JavaThread "Unconstrained build operations Thread 10" [_thread_blocked, id=30864, stack(0x000000004ec90000,0x000000004ed90000)]
  0x000000004a56e3e0 JavaThread "Unconstrained build operations Thread 11" [_thread_blocked, id=27336, stack(0x000000004ed90000,0x000000004ee90000)]
  0x000000004a575d60 JavaThread "Unconstrained build operations Thread 12" [_thread_blocked, id=31020, stack(0x000000004ee90000,0x000000004ef90000)]
  0x000000004a56e8f0 JavaThread "Unconstrained build operations Thread 13" [_thread_blocked, id=32348, stack(0x000000004ef90000,0x000000004f090000)]
  0x000000004a56ee00 JavaThread "Unconstrained build operations Thread 14" [_thread_blocked, id=50184, stack(0x000000004f090000,0x000000004f190000)]
  0x000000004abeab20 JavaThread "Unconstrained build operations Thread 15" [_thread_blocked, id=17920, stack(0x000000004f190000,0x000000004f290000)]
  0x000000004abed3a0 JavaThread "Unconstrained build operations Thread 16" [_thread_blocked, id=42576, stack(0x000000004f290000,0x000000004f390000)]
  0x000000004abed8b0 JavaThread "Unconstrained build operations Thread 17" [_thread_blocked, id=31768, stack(0x000000004f390000,0x000000004f490000)]
  0x000000004abec980 JavaThread "Unconstrained build operations Thread 18" [_thread_blocked, id=36900, stack(0x000000004f490000,0x000000004f590000)]
  0x000000004abea610 JavaThread "Unconstrained build operations Thread 19" [_thread_blocked, id=55888, stack(0x000000004f590000,0x000000004f690000)]
  0x000000004abeb030 JavaThread "Unconstrained build operations Thread 20" [_thread_blocked, id=18232, stack(0x000000004f690000,0x000000004f790000)]
  0x000000004abec470 JavaThread "Unconstrained build operations Thread 21" [_thread_blocked, id=43060, stack(0x000000004f790000,0x000000004f890000)]
  0x000000004abea100 JavaThread "Unconstrained build operations Thread 22" [_thread_blocked, id=48464, stack(0x000000004f890000,0x000000004f990000)]
  0x000000004abece90 JavaThread "Unconstrained build operations Thread 23" [_thread_blocked, id=22844, stack(0x000000004f990000,0x000000004fa90000)]
  0x000000004abeb540 JavaThread "Unconstrained build operations Thread 24" [_thread_blocked, id=4932, stack(0x000000004fa90000,0x000000004fb90000)]
  0x000000004abeba50 JavaThread "Unconstrained build operations Thread 25" [_thread_blocked, id=21940, stack(0x000000004fb90000,0x000000004fc90000)]
  0x000000004abebf60 JavaThread "Unconstrained build operations Thread 26" [_thread_blocked, id=36908, stack(0x000000004fc90000,0x000000004fd90000)]
  0x00000000499e5c80 JavaThread "Unconstrained build operations Thread 27" [_thread_blocked, id=35680, stack(0x000000004fd90000,0x000000004fe90000)]
  0x00000000499e70c0 JavaThread "Unconstrained build operations Thread 28" [_thread_blocked, id=51432, stack(0x000000004fe90000,0x000000004ff90000)]
  0x00000000499eb7a0 JavaThread "Unconstrained build operations Thread 29" [_thread_blocked, id=57968, stack(0x000000004ff90000,0x0000000050090000)]
  0x00000000499e8500 JavaThread "Unconstrained build operations Thread 30" [_thread_blocked, id=1592, stack(0x0000000050090000,0x0000000050190000)]
  0x00000000499e4d50 JavaThread "Unconstrained build operations Thread 31" [_thread_blocked, id=8244, stack(0x0000000050190000,0x0000000050290000)]
  0x00000000499e8a10 JavaThread "Unconstrained build operations Thread 32" [_thread_blocked, id=19232, stack(0x0000000050290000,0x0000000050390000)]
  0x00000000499ead80 JavaThread "Unconstrained build operations Thread 33" [_thread_blocked, id=59112, stack(0x0000000050390000,0x0000000050490000)]
  0x00000000499e6190 JavaThread "Memory manager" [_thread_blocked, id=34372, stack(0x0000000050590000,0x0000000050690000)]
  0x00000000499e8f20 JavaThread "build event listener" [_thread_blocked, id=25732, stack(0x0000000050490000,0x0000000050590000)]
  0x00000000499e6bb0 JavaThread "Execution worker" [_thread_blocked, id=4632, stack(0x0000000050790000,0x0000000050890000)]
  0x00000000499e9940 JavaThread "Execution worker Thread 2" [_thread_blocked, id=16668, stack(0x0000000050890000,0x0000000050990000)]
  0x00000000499e4840 JavaThread "Execution worker Thread 3" [_thread_blocked, id=59380, stack(0x0000000050990000,0x0000000050a90000)]
  0x00000000499ebcb0 JavaThread "Execution worker Thread 4" [_thread_blocked, id=13968, stack(0x0000000051b20000,0x0000000051c20000)]
  0x00000000499e75d0 JavaThread "Execution worker Thread 5" [_thread_blocked, id=18016, stack(0x0000000051c20000,0x0000000051d20000)]
  0x00000000499e7ae0 JavaThread "Execution worker Thread 6" [_thread_blocked, id=41100, stack(0x0000000051d20000,0x0000000051e20000)]
  0x00000000499e7ff0 JavaThread "Execution worker Thread 7" [_thread_blocked, id=52588, stack(0x0000000051e20000,0x0000000051f20000)]
  0x000000004ce9c100 JavaThread "Execution worker Thread 8" [_thread_blocked, id=22736, stack(0x0000000051f20000,0x0000000052020000)]
  0x000000004ce9b1d0 JavaThread "Execution worker Thread 9" [_thread_blocked, id=7680, stack(0x0000000052020000,0x0000000052120000)]
  0x000000004ce97a20 JavaThread "Execution worker Thread 10" [_thread_blocked, id=59064, stack(0x0000000052120000,0x0000000052220000)]
  0x000000004ce99880 JavaThread "Execution worker Thread 11" [_thread_blocked, id=50804, stack(0x0000000052220000,0x0000000052320000)]
  0x000000004ce98440 JavaThread "Cache worker for execution history cache (D:\dev\flutter\packages\flutter_tools\gradle\.gradle\9.1.0\executionHistory)" [_thread_blocked, id=53852, stack(0x0000000052320000,0x0000000052420000)]
  0x000000004ce98950 JavaThread "Unconstrained build operations Thread 34" [_thread_blocked, id=1568, stack(0x00000000534a0000,0x00000000535a0000)]
  0x000000004ce97510 JavaThread "Unconstrained build operations Thread 35" [_thread_blocked, id=49224, stack(0x00000000535a0000,0x00000000536a0000)]
  0x000000004ce9a7b0 JavaThread "Unconstrained build operations Thread 36" [_thread_blocked, id=53180, stack(0x00000000536a0000,0x00000000537a0000)]
  0x000000004ce97f30 JavaThread "Unconstrained build operations Thread 37" [_thread_blocked, id=35848, stack(0x00000000537a0000,0x00000000538a0000)]
  0x000000004ce98e60 JavaThread "Unconstrained build operations Thread 38" [_thread_blocked, id=8152, stack(0x00000000538a0000,0x00000000539a0000)]
  0x000000004ce9b6e0 JavaThread "Unconstrained build operations Thread 39" [_thread_blocked, id=33408, stack(0x00000000539a0000,0x0000000053aa0000)]
  0x000000004ce99370 JavaThread "Unconstrained build operations Thread 40" [_thread_blocked, id=57448, stack(0x0000000053aa0000,0x0000000053ba0000)]
  0x000000004ce960d0 JavaThread "Unconstrained build operations Thread 41" [_thread_blocked, id=48512, stack(0x0000000053ba0000,0x0000000053ca0000)]
  0x000000004ce9bbf0 JavaThread "Unconstrained build operations Thread 42" [_thread_blocked, id=36300, stack(0x0000000053ca0000,0x0000000053da0000)]
  0x000000004ce97000 JavaThread "Unconstrained build operations Thread 43" [_thread_blocked, id=58452, stack(0x0000000053da0000,0x0000000053ea0000)]
  0x000000004ce9a2a0 JavaThread "Unconstrained build operations Thread 44" [_thread_blocked, id=35332, stack(0x0000000053ea0000,0x0000000053fa0000)]
  0x000000004ce9acc0 JavaThread "Unconstrained build operations Thread 45" [_thread_blocked, id=45744, stack(0x0000000053fa0000,0x00000000540a0000)]
  0x000000004ce9cb20 JavaThread "Unconstrained build operations Thread 46" [_thread_blocked, id=59100, stack(0x00000000540a0000,0x00000000541a0000)]
  0x000000004ce9d030 JavaThread "Unconstrained build operations Thread 47" [_thread_blocked, id=40848, stack(0x00000000541a0000,0x00000000542a0000)]
  0x000000004ce95bc0 JavaThread "Unconstrained build operations Thread 48" [_thread_blocked, id=60412, stack(0x00000000542a0000,0x00000000543a0000)]
  0x000000004ce9d540 JavaThread "Unconstrained build operations Thread 49" [_thread_blocked, id=12016, stack(0x00000000543a0000,0x00000000544a0000)]
  0x000000004ce965e0 JavaThread "Unconstrained build operations Thread 50" [_thread_blocked, id=53616, stack(0x00000000544a0000,0x00000000545a0000)]
  0x000000004ce96af0 JavaThread "Unconstrained build operations Thread 51" [_thread_blocked, id=40296, stack(0x00000000545a0000,0x00000000546a0000)]
  0x000000004d1ca5f0 JavaThread "Unconstrained build operations Thread 52" [_thread_blocked, id=45384, stack(0x00000000546a0000,0x00000000547a0000)]
  0x000000004d1c4ad0 JavaThread "Unconstrained build operations Thread 53" [_thread_blocked, id=59096, stack(0x00000000547a0000,0x00000000548a0000)]
  0x000000004d1c96c0 JavaThread "Unconstrained build operations Thread 54" [_thread_blocked, id=41644, stack(0x00000000548a0000,0x00000000549a0000)]
  0x000000004d1c91b0 JavaThread "Unconstrained build operations Thread 55" [_thread_blocked, id=43136, stack(0x00000000549a0000,0x0000000054aa0000)]
  0x000000004d1cbf40 JavaThread "Unconstrained build operations Thread 56" [_thread_blocked, id=40532, stack(0x0000000054aa0000,0x0000000054ba0000)]
  0x000000004d1cab00 JavaThread "Unconstrained build operations Thread 57" [_thread_blocked, id=35184, stack(0x0000000054ba0000,0x0000000054ca0000)]
  0x000000004d1cb010 JavaThread "Unconstrained build operations Thread 58" [_thread_blocked, id=27308, stack(0x0000000054ca0000,0x0000000054da0000)]
  0x000000004d1c6e40 JavaThread "Unconstrained build operations Thread 59" [_thread_blocked, id=26640, stack(0x0000000054da0000,0x0000000054ea0000)]
  0x000000004d1c9bd0 JavaThread "Unconstrained build operations Thread 60" [_thread_blocked, id=12104, stack(0x0000000054ea0000,0x0000000054fa0000)]
  0x000000004d1c54f0 JavaThread "Unconstrained build operations Thread 61" [_thread_blocked, id=16584, stack(0x0000000054fa0000,0x00000000550a0000)]
  0x000000004d1c7860 JavaThread "Unconstrained build operations Thread 62" [_thread_blocked, id=44592, stack(0x00000000550a0000,0x00000000551a0000)]
  0x000000004d1cba30 JavaThread "Unconstrained build operations Thread 63" [_thread_blocked, id=45252, stack(0x00000000551a0000,0x00000000552a0000)]
  0x000000004d1cb520 JavaThread "Unconstrained build operations Thread 64" [_thread_blocked, id=53628, stack(0x00000000552a0000,0x00000000553a0000)]
  0x000000004d1c6420 JavaThread "Unconstrained build operations Thread 65" [_thread_blocked, id=59608, stack(0x00000000553a0000,0x00000000554a0000)]
  0x000000004d1c7d70 JavaThread "Unconstrained build operations Thread 66" [_thread_blocked, id=60348, stack(0x00000000554a0000,0x00000000555a0000)]
  0x000000004d1c5a00 JavaThread "Unconstrained build operations Thread 67" [_thread_blocked, id=34012, stack(0x0000000050690000,0x0000000050790000)]
  0x000000004d1c5f10 JavaThread "Unconstrained build operations Thread 68" [_thread_blocked, id=37684, stack(0x00000000555a0000,0x00000000556a0000)]
  0x000000004d1c6930 JavaThread "Unconstrained build operations Thread 69" [_thread_blocked, id=49580, stack(0x00000000559a0000,0x0000000055aa0000)]
  0x000000004d1c4fe0 JavaThread "Unconstrained build operations Thread 70" [_thread_blocked, id=44328, stack(0x0000000055aa0000,0x0000000055ba0000)]
  0x000000004d1c7350 JavaThread "Unconstrained build operations Thread 71" [_thread_blocked, id=19180, stack(0x0000000055ba0000,0x0000000055ca0000)]
  0x000000004d1c8280 JavaThread "Unconstrained build operations Thread 72" [_thread_blocked, id=29688, stack(0x0000000055ca0000,0x0000000055da0000)]
  0x000000004d1c8790 JavaThread "Unconstrained build operations Thread 73" [_thread_blocked, id=37240, stack(0x0000000055da0000,0x0000000055ea0000)]
  0x000000004d1c8ca0 JavaThread "Unconstrained build operations Thread 74" [_thread_blocked, id=32488, stack(0x0000000055ea0000,0x0000000055fa0000)]
  0x000000004d1ca0e0 JavaThread "Unconstrained build operations Thread 75" [_thread_blocked, id=49384, stack(0x0000000055fa0000,0x00000000560a0000)]
  0x000000004aefbbc0 JavaThread "Unconstrained build operations Thread 76" [_thread_blocked, id=25696, stack(0x00000000560a0000,0x00000000561a0000)]
  0x000000004aefdf30 JavaThread "Unconstrained build operations Thread 77" [_thread_blocked, id=55796, stack(0x00000000561a0000,0x00000000562a0000)]
  0x000000004aeff880 JavaThread "Unconstrained build operations Thread 78" [_thread_blocked, id=34092, stack(0x00000000562a0000,0x00000000563a0000)]
  0x000000004aefc0d0 JavaThread "Unconstrained build operations Thread 79" [_thread_blocked, id=42000, stack(0x00000000563a0000,0x00000000564a0000)]
  0x000000004aefc5e0 JavaThread "Unconstrained build operations Thread 80" [_thread_blocked, id=35996, stack(0x00000000564a0000,0x00000000565a0000)]
  0x000000004aefda20 JavaThread "Unconstrained build operations Thread 81" [_thread_blocked, id=23520, stack(0x00000000565a0000,0x00000000566a0000)]
  0x000000004aeffd90 JavaThread "Unconstrained build operations Thread 82" [_thread_blocked, id=34268, stack(0x00000000566a0000,0x00000000567a0000)]
  0x000000004aefa780 JavaThread "Unconstrained build operations Thread 83" [_thread_blocked, id=30996, stack(0x00000000567a0000,0x00000000568a0000)]
  0x000000004aefe440 JavaThread "Unconstrained build operations Thread 84" [_thread_blocked, id=41492, stack(0x00000000568a0000,0x00000000569a0000)]
  0x000000004aefee60 JavaThread "Unconstrained build operations Thread 85" [_thread_blocked, id=13776, stack(0x00000000569a0000,0x0000000056aa0000)]
  0x000000004af007b0 JavaThread "Unconstrained build operations Thread 86" [_thread_blocked, id=17188, stack(0x0000000056aa0000,0x0000000056ba0000)]
  0x000000004af002a0 JavaThread "Unconstrained build operations Thread 87" [_thread_blocked, id=59832, stack(0x0000000056ba0000,0x0000000056ca0000)]
  0x000000004aefe950 JavaThread "Unconstrained build operations Thread 88" [_thread_blocked, id=39244, stack(0x0000000056ca0000,0x0000000056da0000)]
  0x000000004af00cc0 JavaThread "Unconstrained build operations Thread 89" [_thread_blocked, id=60488, stack(0x0000000056da0000,0x0000000056ea0000)]
  0x000000004aefcaf0 JavaThread "Unconstrained build operations Thread 90" [_thread_blocked, id=50948, stack(0x0000000056ea0000,0x0000000056fa0000)]
  0x000000004aefac90 JavaThread "Unconstrained build operations Thread 91" [_thread_blocked, id=34656, stack(0x0000000056fa0000,0x00000000570a0000)]
  0x000000004aefd000 JavaThread "Unconstrained build operations Thread 92" [_thread_blocked, id=43768, stack(0x00000000570a0000,0x00000000571a0000)]
  0x000000004aefd510 JavaThread "Unconstrained build operations Thread 93" [_thread_blocked, id=22516, stack(0x00000000571a0000,0x00000000572a0000)]
  0x000000004af011d0 JavaThread "Unconstrained build operations Thread 94" [_thread_blocked, id=9032, stack(0x00000000572a0000,0x00000000573a0000)]
  0x000000004aefb1a0 JavaThread "Unconstrained build operations Thread 95" [_thread_blocked, id=51956, stack(0x00000000573a0000,0x00000000574a0000)]
  0x000000004aef9d60 JavaThread "Unconstrained build operations Thread 96" [_thread_blocked, id=35244, stack(0x00000000574a0000,0x00000000575a0000)]
  0x000000004af016e0 JavaThread "Unconstrained build operations Thread 97" [_thread_blocked, id=46000, stack(0x00000000575a0000,0x00000000576a0000)]
  0x000000004aefa270 JavaThread "Unconstrained build operations Thread 98" [_thread_blocked, id=27288, stack(0x00000000576a0000,0x00000000577a0000)]
  0x000000004aefb6b0 JavaThread "Unconstrained build operations Thread 99" [_thread_blocked, id=39476, stack(0x00000000577a0000,0x00000000578a0000)]
  0x000000004ce354d0 JavaThread "Unconstrained build operations Thread 100" [_thread_blocked, id=42880, stack(0x00000000578a0000,0x00000000579a0000)]
  0x000000004ce39bb0 JavaThread "Unconstrained build operations Thread 101" [_thread_blocked, id=11484, stack(0x00000000579a0000,0x0000000057aa0000)]
  0x000000004ce37330 JavaThread "build event listener" [_thread_blocked, id=23688, stack(0x00000000556a0000,0x00000000557a0000)]
  0x000000004ce3bf20 JavaThread "build event listener" [_thread_blocked, id=8140, stack(0x0000000057aa0000,0x0000000057ba0000)]
  0x000000004ce38770 JavaThread "Problems report writer" [_thread_blocked, id=58324, stack(0x0000000057e50000,0x0000000057f50000)]
  0x000000004ce36400 JavaThread "jar transforms Thread 3" [_thread_blocked, id=51848, stack(0x000000005c1a0000,0x000000005c2a0000)]
  0x000000004ce35ef0 JavaThread "Unconstrained build operations Thread 102" [_thread_blocked, id=12848, stack(0x0000000057ba0000,0x0000000057ca0000)]
  0x000000004ce36e20 JavaThread "Unconstrained build operations Thread 103" [_thread_blocked, id=28168, stack(0x000000005c000000,0x000000005c100000)]
  0x000000004ce38260 JavaThread "Unconstrained build operations Thread 104" [_thread_blocked, id=44620, stack(0x000000005c2a0000,0x000000005c3a0000)]
  0x000000004ce38c80 JavaThread "Unconstrained build operations Thread 105" [_thread_blocked, id=30904, stack(0x000000005c3a0000,0x000000005c4a0000)]
  0x000000004a571b90 JavaThread "Unconstrained build operations Thread 106" [_thread_blocked, id=29440, stack(0x000000005c4a0000,0x000000005c5a0000)]
  0x0000000050e9e640 JavaThread "Unconstrained build operations Thread 107" [_thread_blocked, id=17024, stack(0x000000005c5a0000,0x000000005c6a0000)]
  0x0000000050ea09b0 JavaThread "Unconstrained build operations Thread 108" [_thread_blocked, id=12596, stack(0x000000005c6a0000,0x000000005c7a0000)]
  0x0000000050ea55a0 JavaThread "Unconstrained build operations Thread 109" [_thread_blocked, id=1616, stack(0x000000005c7a0000,0x000000005c8a0000)]
  0x0000000050ea2300 JavaThread "Unconstrained build operations Thread 110" [_thread_blocked, id=35516, stack(0x000000005c8a0000,0x000000005c9a0000)]
  0x0000000050ea3230 JavaThread "Unconstrained build operations Thread 111" [_thread_blocked, id=7848, stack(0x000000005c9a0000,0x000000005caa0000)]
  0x0000000050e9f060 JavaThread "Unconstrained build operations Thread 112" [_thread_blocked, id=35084, stack(0x000000005caa0000,0x000000005cba0000)]
  0x0000000050ea2d20 JavaThread "Unconstrained build operations Thread 113" [_thread_blocked, id=52568, stack(0x000000005cba0000,0x000000005cca0000)]
  0x0000000050ea5090 JavaThread "Unconstrained build operations Thread 114" [_thread_blocked, id=38424, stack(0x000000005cca0000,0x000000005cda0000)]
  0x0000000050ea2810 JavaThread "Unconstrained build operations Thread 115" [_thread_blocked, id=50212, stack(0x000000005cda0000,0x000000005cea0000)]
  0x0000000050ea3740 JavaThread "Unconstrained build operations Thread 116" [_thread_blocked, id=31508, stack(0x000000005cea0000,0x000000005cfa0000)]
  0x0000000050ea4670 JavaThread "Unconstrained build operations Thread 117" [_thread_blocked, id=13544, stack(0x000000005cfa0000,0x000000005d0a0000)]
  0x0000000050e9e130 JavaThread "Unconstrained build operations Thread 118" [_thread_blocked, id=22440, stack(0x000000005d0a0000,0x000000005d1a0000)]
  0x0000000050ea3c50 JavaThread "Unconstrained build operations Thread 119" [_thread_blocked, id=40824, stack(0x000000005d1a0000,0x000000005d2a0000)]
  0x0000000050ea18e0 JavaThread "Unconstrained build operations Thread 120" [_thread_blocked, id=45260, stack(0x000000005d2a0000,0x000000005d3a0000)]
  0x0000000050ea4160 JavaThread "jar transforms Thread 4" [_thread_blocked, id=31352, stack(0x000000005d3a0000,0x000000005d4a0000)]
  0x0000000050ea5ab0 JavaThread "jar transforms Thread 5" [_thread_blocked, id=34356, stack(0x000000005e8e0000,0x000000005e9e0000)]
  0x0000000050ea13d0 JavaThread "jar transforms Thread 6" [_thread_blocked, id=53664, stack(0x000000005d4a0000,0x000000005d5a0000)]
  0x0000000050ea1df0 JavaThread "jar transforms Thread 7" [_thread_blocked, id=46864, stack(0x0000000000800000,0x0000000000900000)]
  0x0000000050e9ff90 JavaThread "jar transforms Thread 8" [_thread_blocked, id=8816, stack(0x0000000057ca0000,0x0000000057da0000)]
  0x0000000050e9f570 JavaThread "jar transforms Thread 9" [_thread_blocked, id=1144, stack(0x000000005e570000,0x000000005e670000)]
  0x0000000050ea04a0 JavaThread "jar transforms Thread 10" [_thread_blocked, id=29248, stack(0x0000000000600000,0x0000000000700000)]
  0x00000000499ea360 JavaThread "jar transforms Thread 11" [_thread_blocked, id=10568, stack(0x000000005e770000,0x000000005e870000)]
  0x0000000052ef4810 JavaThread "jar transforms Thread 12" [_thread_blocked, id=5072, stack(0x000000005e9e0000,0x000000005eae0000)]
  0x0000000052eefc20 JavaThread "included builds Thread 2" [_thread_blocked, id=56680, stack(0x000000005ec00000,0x000000005ed00000)]
  0x0000000052ef1570 JavaThread "Cache worker for execution history cache (D:\xml\private_md3music\android\.gradle\9.1.0\executionHistory)" [_thread_blocked, id=3356, stack(0x000000005eae0000,0x000000005ebe0000)]
  0x000000005f9d9860 JavaThread "WorkerExecutor Queue" [_thread_blocked, id=42268, stack(0x00000000557a0000,0x00000000558a0000)]
  0x000000005f9da280 JavaThread "WorkerExecutor Queue Thread 2" [_thread_blocked, id=38872, stack(0x00000000558a0000,0x00000000559a0000)]
  0x000000005f9db1b0 JavaThread "WorkerExecutor Queue Thread 3" [_thread_blocked, id=792, stack(0x000000005ed00000,0x000000005ee00000)]
  0x000000005f9d8930 JavaThread "WorkerExecutor Queue Thread 4" [_thread_blocked, id=24284, stack(0x000000005ee00000,0x000000005ef00000)]
  0x000000005f9dc5f0 JavaThread "WorkerExecutor Queue Thread 5" [_thread_blocked, id=15220, stack(0x000000005ef00000,0x000000005f000000)]
  0x000000005f9d65c0 JavaThread "WorkerExecutor Queue Thread 6" [_thread_blocked, id=39908, stack(0x00000000632c0000,0x00000000633c0000)]
  0x000000005f9dcb00 JavaThread "pool-3-thread-1" [_thread_blocked, id=3004, stack(0x00000000633c0000,0x00000000634c0000)]
  0x000000005f9d7f10 JavaThread "stderr" [_thread_in_native, id=60612, stack(0x00000000634c0000,0x00000000635c0000)]
  0x000000005f9d6ad0 JavaThread "stdout" [_thread_in_native, id=46836, stack(0x00000000635c0000,0x00000000636c0000)]
  0x000000005f9dfda0 JavaThread "WorkerExecutor Queue Thread 7" [_thread_blocked, id=15584, stack(0x000000005f000000,0x000000005f100000)]
  0x000000005f9ddf40 JavaThread "WorkerExecutor Queue Thread 8" [_thread_blocked, id=25008, stack(0x000000005f100000,0x000000005f200000)]
  0x000000005f9e2b30 JavaThread "WorkerExecutor Queue Thread 9" [_thread_blocked, id=19012, stack(0x00000000621f0000,0x00000000622f0000)]
  0x000000005f9e3550 JavaThread "stderr" [_thread_in_native, id=24824, stack(0x00000000636c0000,0x00000000637c0000)]
  0x000000005f9df380 JavaThread "stdout" [_thread_in_native, id=12792, stack(0x00000000637c0000,0x00000000638c0000)]
  0x000000005f9e02b0 JavaThread "WorkerExecutor Queue Thread 10" [_thread_blocked, id=52540, stack(0x00000000638c0000,0x00000000639c0000)]
  0x000000005e305230 JavaThread "C2 CompilerThread1" daemon [_thread_blocked, id=18456, stack(0x0000000000700000,0x0000000000800000)]
  0x000000005f9e3a60 JavaThread "WorkerExecutor Queue Thread 11" [_thread_blocked, id=57988, stack(0x00000000639c0000,0x0000000063ac0000)]
  0x000000005f9df890 JavaThread "DefaultDispatcher-worker-1" daemon [_thread_blocked, id=2416, stack(0x0000000063ac0000,0x0000000063bc0000)]
  0x000000005f9e11e0 JavaThread "DefaultDispatcher-worker-2" daemon [_thread_blocked, id=32304, stack(0x0000000063bc0000,0x0000000063cc0000)]
  0x000000005f9e1c00 JavaThread "DefaultDispatcher-worker-3" daemon [_thread_blocked, id=3104, stack(0x0000000063cc0000,0x0000000063dc0000)]
  0x0000000052eef200 JavaThread "ForkJoinPool-1-worker-1" daemon [_thread_blocked, id=3228, stack(0x0000000063dc0000,0x0000000063ec0000)]
  0x0000000052eef710 JavaThread "ForkJoinPool-1-worker-2" daemon [_thread_blocked, id=30896, stack(0x0000000063ec0000,0x0000000063fc0000)]
  0x0000000052ef0b50 JavaThread "ForkJoinPool-1-worker-3" daemon [_thread_blocked, id=51136, stack(0x0000000068000000,0x0000000068100000)]
  0x0000000052ef1060 JavaThread "ForkJoinPool-1-worker-4" daemon [_thread_blocked, id=37124, stack(0x0000000068100000,0x0000000068200000)]
  0x0000000052ef24a0 JavaThread "ForkJoinPool-1-worker-5" daemon [_thread_blocked, id=27984, stack(0x0000000068200000,0x0000000068300000)]
  0x000000004aeff370 JavaThread "ForkJoinPool-1-worker-6" daemon [_thread_blocked, id=19208, stack(0x0000000068300000,0x0000000068400000)]
  0x000000004ce99d90 JavaThread "ForkJoinPool-1-worker-7" daemon [_thread_blocked, id=54128, stack(0x0000000068400000,0x0000000068500000)]
  0x000000004a5734e0 JavaThread "ForkJoinPool-1-worker-8" daemon [_thread_blocked, id=33176, stack(0x0000000068500000,0x0000000068600000)]
  0x00000000623b3a90 JavaThread "ForkJoinPool-1-worker-9" daemon [_thread_blocked, id=7280, stack(0x0000000068600000,0x0000000068700000)]
  0x00000000623b1c30 JavaThread "ForkJoinPool-1-worker-10" daemon [_thread_blocked, id=35412, stack(0x0000000068700000,0x0000000068800000)]
  0x00000000623af3b0 JavaThread "ForkJoinPool-1-worker-12" daemon [_thread_blocked, id=51888, stack(0x0000000068800000,0x0000000068900000)]
  0x00000000623b1720 JavaThread "ForkJoinPool-1-worker-11" daemon [_thread_blocked, id=60840, stack(0x0000000068900000,0x0000000068a00000)]

Other Threads:
=>0x00000000403534a0 VMThread "VM Thread" [stack: 0x0000000041010000,0x0000000041110000] [id=3288]
  0x00000000414bb380 WatcherThread [stack: 0x0000000046100000,0x0000000046200000] [id=51296]
  0x0000000002c0c210 GCTaskThread "GC Thread#0" [stack: 0x000000003de70000,0x000000003df70000] [id=37632]
  0x00000000415ffe70 GCTaskThread "GC Thread#1" [stack: 0x0000000046a00000,0x0000000046b00000] [id=46512]
  0x0000000041600140 GCTaskThread "GC Thread#2" [stack: 0x0000000046b00000,0x0000000046c00000] [id=29144]
  0x00000000416be4e0 GCTaskThread "GC Thread#3" [stack: 0x0000000046c00000,0x0000000046d00000] [id=43412]
  0x00000000416be7b0 GCTaskThread "GC Thread#4" [stack: 0x0000000046d00000,0x0000000046e00000] [id=36264]
  0x00000000416bea80 GCTaskThread "GC Thread#5" [stack: 0x0000000046e00000,0x0000000046f00000] [id=14780]
  0x000000004662ae50 GCTaskThread "GC Thread#6" [stack: 0x0000000048a10000,0x0000000048b10000] [id=31184]
  0x000000004662b120 GCTaskThread "GC Thread#7" [stack: 0x0000000048b10000,0x0000000048c10000] [id=46808]
  0x000000004662b6c0 GCTaskThread "GC Thread#8" [stack: 0x0000000048c10000,0x0000000048d10000] [id=49128]
  0x000000004662b990 GCTaskThread "GC Thread#9" [stack: 0x0000000048d10000,0x0000000048e10000] [id=25848]
  0x0000000002c1cf80 ConcurrentGCThread "G1 Main Marker" [stack: 0x000000003df70000,0x000000003e070000] [id=15660]
  0x0000000002c1df50 ConcurrentGCThread "G1 Conc#0" [stack: 0x000000003e070000,0x000000003e170000] [id=49900]
  0x000000004633a150 ConcurrentGCThread "G1 Conc#1" [stack: 0x000000004b3b0000,0x000000004b4b0000] [id=26708]
  0x0000000046339bb0 ConcurrentGCThread "G1 Conc#2" [stack: 0x000000004b670000,0x000000004b770000] [id=33292]
  0x0000000040203cf0 ConcurrentGCThread "G1 Refine#0" [stack: 0x0000000040e10000,0x0000000040f10000] [id=41980]
  0x0000000051125580 ConcurrentGCThread "G1 Refine#1" [stack: 0x000000005e670000,0x000000005e770000] [id=26072]
  0x00000000496cae70 ConcurrentGCThread "G1 Refine#2" [stack: 0x0000000068a00000,0x0000000068b00000] [id=14412]
  0x0000000051125e80 ConcurrentGCThread "G1 Refine#3" [stack: 0x0000000068b00000,0x0000000068c00000] [id=53176]
  0x0000000061b0bfe0 ConcurrentGCThread "G1 Refine#4" [stack: 0x0000000068c00000,0x0000000068d00000] [id=61156]
  0x0000000061b0b9e0 ConcurrentGCThread "G1 Refine#5" [stack: 0x0000000068d00000,0x0000000068e00000] [id=4448]
  0x0000000061b0b6e0 ConcurrentGCThread "G1 Refine#6" [stack: 0x0000000068e00000,0x0000000068f00000] [id=23524]
  0x0000000061b0a4e0 ConcurrentGCThread "G1 Refine#7" [stack: 0x0000000068f00000,0x0000000069000000] [id=51524]
  0x0000000061b0bce0 ConcurrentGCThread "G1 Refine#8" [stack: 0x000000006a050000,0x000000006a150000] [id=4116]
  0x0000000061b0ade0 ConcurrentGCThread "G1 Refine#9" [stack: 0x000000006a150000,0x000000006a250000] [id=35124]
  0x0000000040205550 ConcurrentGCThread "G1 Service" [stack: 0x0000000040f10000,0x0000000041010000] [id=41688]

Threads with active compile tasks:
C2 CompilerThread0  217397 28290       4       com.android.tools.r8.graph.e8::b (730 bytes)
C2 CompilerThread1  217397 28248   !   4       com.android.tools.r8.graph.j9::c (1048 bytes)

VM state: at safepoint (normal execution)

VM Mutex/Monitor currently owned by a thread:  ([mutex/lock_event])
[0x0000000002b5ad60] Threads_lock - owner thread: 0x00000000403534a0
[0x0000000002b5aa00] Heap_lock - owner thread: 0x00000000623b3a90

Heap address: 0x0000000600000000, size: 8192 MB, Compressed Oops mode: Zero based, Oop shift amount: 3

CDS archive(s) mapped at: [0x0000000080000000-0x0000000080bb0000-0x0000000080bb0000), size 12255232, SharedBaseAddress: 0x0000000080000000, ArchiveRelocationMode: 1.
Compressed class space mapped at: 0x0000000081000000-0x00000000c1000000, reserved size: 1073741824
Narrow klass base: 0x0000000080000000, Narrow klass shift: 0, Narrow klass range: 0x100000000

GC Precious Log:
 CPUs: 12 total, 12 available
 Memory: 16160M
 Large Page Support: Disabled
 NUMA Support: Disabled
 Compressed Oops: Enabled (Zero based)
 Heap Region Size: 4M
 Heap Min Capacity: 8M
 Heap Initial Capacity: 256M
 Heap Max Capacity: 8G
 Pre-touch: Disabled
 Parallel Workers: 10
 Concurrent Workers: 3
 Concurrent Refinement Workers: 10
 Periodic GC: Disabled

Heap:
 garbage-first heap   total 2035712K, used 882885K [0x0000000600000000, 0x0000000800000000)
  region size 4096K, 3 young (12288K), 3 survivors (12288K)
 Metaspace       used 163977K, committed 166400K, reserved 1245184K
  class space    used 21973K, committed 23104K, reserved 1048576K

Heap Regions: E=young(eden), S=young(survivor), O=old, HS=humongous(starts), HC=humongous(continues), CS=collection set, F=free, OA=open archive, CA=closed archive, TAMS=top-at-mark-start (previous, next)
|   0|0x0000000600000000, 0x0000000600400000, 0x0000000600400000|100%|HS|  |TAMS 0x0000000600400000, 0x0000000600000000| Complete 
|   1|0x0000000600400000, 0x0000000600800000, 0x0000000600800000|100%| O|  |TAMS 0x0000000600800000, 0x0000000600400000| Untracked 
|   2|0x0000000600800000, 0x0000000600c00000, 0x0000000600c00000|100%| O|  |TAMS 0x0000000600c00000, 0x0000000600800000| Untracked 
|   3|0x0000000600c00000, 0x0000000601000000, 0x0000000601000000|100%| O|  |TAMS 0x0000000601000000, 0x0000000600c00000| Untracked 
|   4|0x0000000601000000, 0x0000000601400000, 0x0000000601400000|100%| O|  |TAMS 0x0000000601400000, 0x0000000601000000| Untracked 
|   5|0x0000000601400000, 0x0000000601800000, 0x0000000601800000|100%| O|  |TAMS 0x0000000601800000, 0x0000000601400000| Untracked 
|   6|0x0000000601800000, 0x0000000601c00000, 0x0000000601c00000|100%| O|  |TAMS 0x0000000601c00000, 0x0000000601800000| Untracked 
|   7|0x0000000601c00000, 0x0000000602000000, 0x0000000602000000|100%| O|  |TAMS 0x0000000602000000, 0x0000000601c00000| Untracked 
|   8|0x0000000602000000, 0x0000000602400000, 0x0000000602400000|100%| O|  |TAMS 0x0000000602400000, 0x0000000602000000| Untracked 
|   9|0x0000000602400000, 0x0000000602800000, 0x0000000602800000|100%| O|  |TAMS 0x0000000602800000, 0x0000000602400000| Untracked 
|  10|0x0000000602800000, 0x0000000602c00000, 0x0000000602c00000|100%| O|  |TAMS 0x0000000602c00000, 0x0000000602800000| Untracked 
|  11|0x0000000602c00000, 0x0000000603000000, 0x0000000603000000|100%| O|  |TAMS 0x0000000603000000, 0x0000000602c00000| Untracked 
|  12|0x0000000603000000, 0x0000000603400000, 0x0000000603400000|100%| O|  |TAMS 0x0000000603400000, 0x0000000603000000| Untracked 
|  13|0x0000000603400000, 0x0000000603800000, 0x0000000603800000|100%| O|  |TAMS 0x0000000603800000, 0x0000000603400000| Untracked 
|  14|0x0000000603800000, 0x0000000603c00000, 0x0000000603c00000|100%| O|  |TAMS 0x0000000603c00000, 0x0000000603800000| Untracked 
|  15|0x0000000603c00000, 0x0000000604000000, 0x0000000604000000|100%| O|  |TAMS 0x0000000604000000, 0x0000000603c00000| Untracked 
|  16|0x0000000604000000, 0x0000000604400000, 0x0000000604400000|100%| O|  |TAMS 0x0000000604400000, 0x0000000604000000| Untracked 
|  17|0x0000000604400000, 0x0000000604800000, 0x0000000604800000|100%| O|  |TAMS 0x0000000604800000, 0x0000000604400000| Untracked 
|  18|0x0000000604800000, 0x0000000604c00000, 0x0000000604c00000|100%| O|  |TAMS 0x0000000604c00000, 0x0000000604800000| Untracked 
|  19|0x0000000604c00000, 0x0000000605000000, 0x0000000605000000|100%| O|  |TAMS 0x0000000605000000, 0x0000000604c00000| Untracked 
|  20|0x0000000605000000, 0x0000000605400000, 0x0000000605400000|100%| O|  |TAMS 0x0000000605400000, 0x0000000605000000| Untracked 
|  21|0x0000000605400000, 0x0000000605800000, 0x0000000605800000|100%| O|  |TAMS 0x0000000605800000, 0x0000000605400000| Untracked 
|  22|0x0000000605800000, 0x0000000605c00000, 0x0000000605c00000|100%| O|  |TAMS 0x0000000605c00000, 0x0000000605800000| Untracked 
|  23|0x0000000605c00000, 0x0000000606000000, 0x0000000606000000|100%| O|  |TAMS 0x0000000606000000, 0x0000000605c00000| Untracked 
|  24|0x0000000606000000, 0x0000000606400000, 0x0000000606400000|100%| O|  |TAMS 0x0000000606400000, 0x0000000606000000| Untracked 
|  25|0x0000000606400000, 0x0000000606800000, 0x0000000606800000|100%| O|  |TAMS 0x0000000606800000, 0x0000000606400000| Untracked 
|  26|0x0000000606800000, 0x0000000606c00000, 0x0000000606c00000|100%| O|  |TAMS 0x0000000606c00000, 0x0000000606800000| Untracked 
|  27|0x0000000606c00000, 0x0000000607000000, 0x0000000607000000|100%| O|  |TAMS 0x0000000607000000, 0x0000000606c00000| Untracked 
|  28|0x0000000607000000, 0x0000000607400000, 0x0000000607400000|100%| O|  |TAMS 0x0000000607400000, 0x0000000607000000| Untracked 
|  29|0x0000000607400000, 0x0000000607800000, 0x0000000607800000|100%| O|  |TAMS 0x0000000607400000, 0x0000000607400000| Untracked 
|  30|0x0000000607800000, 0x0000000607c00000, 0x0000000607c00000|100%| O|  |TAMS 0x0000000607c00000, 0x0000000607800000| Untracked 
|  31|0x0000000607c00000, 0x0000000608000000, 0x0000000608000000|100%| O|  |TAMS 0x0000000607c00000, 0x0000000607c00000| Untracked 
|  32|0x0000000608000000, 0x0000000608400000, 0x0000000608400000|100%| O|  |TAMS 0x0000000608400000, 0x0000000608000000| Untracked 
|  33|0x0000000608400000, 0x0000000608800000, 0x0000000608800000|100%| O|  |TAMS 0x0000000608800000, 0x0000000608400000| Untracked 
|  34|0x0000000608800000, 0x0000000608c00000, 0x0000000608c00000|100%| O|  |TAMS 0x0000000608c00000, 0x0000000608800000| Untracked 
|  35|0x0000000608c00000, 0x0000000609000000, 0x0000000609000000|100%| O|  |TAMS 0x0000000609000000, 0x0000000608c00000| Untracked 
|  36|0x0000000609000000, 0x0000000609400000, 0x0000000609400000|100%| O|  |TAMS 0x0000000609000000, 0x0000000609000000| Untracked 
|  37|0x0000000609400000, 0x0000000609800000, 0x0000000609800000|100%| O|  |TAMS 0x0000000609800000, 0x0000000609400000| Untracked 
|  38|0x0000000609800000, 0x0000000609c00000, 0x0000000609c00000|100%| O|  |TAMS 0x0000000609c00000, 0x0000000609800000| Untracked 
|  39|0x0000000609c00000, 0x000000060a000000, 0x000000060a000000|100%| O|  |TAMS 0x0000000609c00000, 0x0000000609c00000| Untracked 
|  40|0x000000060a000000, 0x000000060a400000, 0x000000060a400000|100%| O|  |TAMS 0x000000060a000000, 0x000000060a000000| Untracked 
|  41|0x000000060a400000, 0x000000060a800000, 0x000000060a800000|100%| O|  |TAMS 0x000000060a800000, 0x000000060a400000| Untracked 
|  42|0x000000060a800000, 0x000000060ac00000, 0x000000060ac00000|100%| O|  |TAMS 0x000000060ac00000, 0x000000060a800000| Untracked 
|  43|0x000000060ac00000, 0x000000060b000000, 0x000000060b000000|100%| O|  |TAMS 0x000000060b000000, 0x000000060ac00000| Untracked 
|  44|0x000000060b000000, 0x000000060b400000, 0x000000060b400000|100%| O|  |TAMS 0x000000060b400000, 0x000000060b000000| Untracked 
|  45|0x000000060b400000, 0x000000060b800000, 0x000000060b800000|100%| O|  |TAMS 0x000000060b800000, 0x000000060b400000| Untracked 
|  46|0x000000060b800000, 0x000000060bc00000, 0x000000060bc00000|100%| O|  |TAMS 0x000000060bc00000, 0x000000060b800000| Untracked 
|  47|0x000000060bc00000, 0x000000060c000000, 0x000000060c000000|100%| O|  |TAMS 0x000000060c000000, 0x000000060bc00000| Untracked 
|  48|0x000000060c000000, 0x000000060c400000, 0x000000060c400000|100%|HS|  |TAMS 0x000000060c400000, 0x000000060c000000| Complete 
|  49|0x000000060c400000, 0x000000060c800000, 0x000000060c800000|100%| O|  |TAMS 0x000000060c800000, 0x000000060c400000| Untracked 
|  50|0x000000060c800000, 0x000000060cc00000, 0x000000060cc00000|100%| O|  |TAMS 0x000000060c800000, 0x000000060c800000| Untracked 
|  51|0x000000060cc00000, 0x000000060d000000, 0x000000060d000000|100%| O|  |TAMS 0x000000060d000000, 0x000000060cc00000| Untracked 
|  52|0x000000060d000000, 0x000000060d400000, 0x000000060d400000|100%| O|  |TAMS 0x000000060d400000, 0x000000060d000000| Untracked 
|  53|0x000000060d400000, 0x000000060d800000, 0x000000060d800000|100%| O|  |TAMS 0x000000060d800000, 0x000000060d400000| Untracked 
|  54|0x000000060d800000, 0x000000060dc00000, 0x000000060dc00000|100%| O|  |TAMS 0x000000060dc00000, 0x000000060d800000| Untracked 
|  55|0x000000060dc00000, 0x000000060e000000, 0x000000060e000000|100%| O|  |TAMS 0x000000060e000000, 0x000000060dc00000| Untracked 
|  56|0x000000060e000000, 0x000000060e400000, 0x000000060e400000|100%| O|  |TAMS 0x000000060e400000, 0x000000060e000000| Untracked 
|  57|0x000000060e400000, 0x000000060e800000, 0x000000060e800000|100%|HS|  |TAMS 0x000000060e800000, 0x000000060e400000| Complete 
|  58|0x000000060e800000, 0x000000060ec00000, 0x000000060ec00000|100%| O|  |TAMS 0x000000060ec00000, 0x000000060e800000| Untracked 
|  59|0x000000060ec00000, 0x000000060f000000, 0x000000060f000000|100%| O|  |TAMS 0x000000060ec00000, 0x000000060ec00000| Untracked 
|  60|0x000000060f000000, 0x000000060f400000, 0x000000060f400000|100%| O|  |TAMS 0x000000060f400000, 0x000000060f000000| Untracked 
|  61|0x000000060f400000, 0x000000060f800000, 0x000000060f800000|100%| O|  |TAMS 0x000000060f800000, 0x000000060f400000| Untracked 
|  62|0x000000060f800000, 0x000000060fc00000, 0x000000060fc00000|100%| O|  |TAMS 0x000000060fc00000, 0x000000060f800000| Untracked 
|  63|0x000000060fc00000, 0x0000000610000000, 0x0000000610000000|100%| O|  |TAMS 0x0000000610000000, 0x000000060fc00000| Untracked 
|  64|0x0000000610000000, 0x0000000610400000, 0x0000000610400000|100%| O|  |TAMS 0x0000000610400000, 0x0000000610000000| Untracked 
|  65|0x0000000610400000, 0x0000000610800000, 0x0000000610800000|100%| O|  |TAMS 0x0000000610800000, 0x0000000610400000| Untracked 
|  66|0x0000000610800000, 0x0000000610c00000, 0x0000000610c00000|100%| O|  |TAMS 0x0000000610c00000, 0x0000000610800000| Untracked 
|  67|0x0000000610c00000, 0x0000000611000000, 0x0000000611000000|100%| O|  |TAMS 0x0000000611000000, 0x0000000610c00000| Untracked 
|  68|0x0000000611000000, 0x0000000611400000, 0x0000000611400000|100%| O|  |TAMS 0x0000000611400000, 0x0000000611000000| Untracked 
|  69|0x0000000611400000, 0x0000000611800000, 0x0000000611800000|100%| O|  |TAMS 0x0000000611800000, 0x0000000611400000| Untracked 
|  70|0x0000000611800000, 0x0000000611c00000, 0x0000000611c00000|100%| O|  |TAMS 0x0000000611c00000, 0x0000000611800000| Untracked 
|  71|0x0000000611c00000, 0x0000000612000000, 0x0000000612000000|100%| O|  |TAMS 0x0000000611c00000, 0x0000000611c00000| Untracked 
|  72|0x0000000612000000, 0x0000000612400000, 0x0000000612400000|100%| O|  |TAMS 0x0000000612400000, 0x0000000612000000| Untracked 
|  73|0x0000000612400000, 0x0000000612800000, 0x0000000612800000|100%| O|  |TAMS 0x0000000612800000, 0x0000000612400000| Untracked 
|  74|0x0000000612800000, 0x0000000612c00000, 0x0000000612c00000|100%| O|  |TAMS 0x0000000612c00000, 0x0000000612800000| Untracked 
|  75|0x0000000612c00000, 0x0000000613000000, 0x0000000613000000|100%| O|  |TAMS 0x0000000613000000, 0x0000000612c00000| Untracked 
|  76|0x0000000613000000, 0x0000000613400000, 0x0000000613400000|100%| O|  |TAMS 0x0000000613400000, 0x0000000613000000| Untracked 
|  77|0x0000000613400000, 0x0000000613800000, 0x0000000613800000|100%| O|  |TAMS 0x0000000613800000, 0x0000000613400000| Untracked 
|  78|0x0000000613800000, 0x0000000613c00000, 0x0000000613c00000|100%| O|  |TAMS 0x0000000613800000, 0x0000000613800000| Untracked 
|  79|0x0000000613c00000, 0x0000000614000000, 0x0000000614000000|100%| O|  |TAMS 0x0000000614000000, 0x0000000613c00000| Untracked 
|  80|0x0000000614000000, 0x0000000614400000, 0x0000000614400000|100%| O|  |TAMS 0x0000000614400000, 0x0000000614000000| Untracked 
|  81|0x0000000614400000, 0x0000000614800000, 0x0000000614800000|100%| O|  |TAMS 0x0000000614800000, 0x0000000614400000| Untracked 
|  82|0x0000000614800000, 0x0000000614c00000, 0x0000000614c00000|100%| O|  |TAMS 0x0000000614800000, 0x0000000614800000| Untracked 
|  83|0x0000000614c00000, 0x0000000615000000, 0x0000000615000000|100%| O|  |TAMS 0x0000000615000000, 0x0000000614c00000| Untracked 
|  84|0x0000000615000000, 0x0000000615400000, 0x0000000615400000|100%| O|  |TAMS 0x0000000615400000, 0x0000000615000000| Untracked 
|  85|0x0000000615400000, 0x0000000615800000, 0x0000000615800000|100%| O|  |TAMS 0x0000000615800000, 0x0000000615400000| Untracked 
|  86|0x0000000615800000, 0x0000000615c00000, 0x0000000615c00000|100%| O|  |TAMS 0x0000000615800000, 0x0000000615800000| Untracked 
|  87|0x0000000615c00000, 0x0000000616000000, 0x0000000616000000|100%| O|  |TAMS 0x0000000616000000, 0x0000000615c00000| Untracked 
|  88|0x0000000616000000, 0x0000000616400000, 0x0000000616400000|100%| O|  |TAMS 0x0000000616400000, 0x0000000616000000| Untracked 
|  89|0x0000000616400000, 0x0000000616800000, 0x0000000616800000|100%| O|  |TAMS 0x0000000616400000, 0x0000000616400000| Untracked 
|  90|0x0000000616800000, 0x0000000616c00000, 0x0000000616c00000|100%| O|  |TAMS 0x0000000616c00000, 0x0000000616800000| Untracked 
|  91|0x0000000616c00000, 0x0000000617000000, 0x0000000617000000|100%| O|  |TAMS 0x0000000616c00000, 0x0000000616c00000| Untracked 
|  92|0x0000000617000000, 0x0000000617400000, 0x0000000617400000|100%| O|  |TAMS 0x0000000617000000, 0x0000000617000000| Untracked 
|  93|0x0000000617400000, 0x0000000617800000, 0x0000000617800000|100%| O|  |TAMS 0x0000000617800000, 0x0000000617400000| Untracked 
|  94|0x0000000617800000, 0x0000000617c00000, 0x0000000617c00000|100%| O|  |TAMS 0x0000000617c00000, 0x0000000617800000| Untracked 
|  95|0x0000000617c00000, 0x0000000618000000, 0x0000000618000000|100%| O|  |TAMS 0x0000000618000000, 0x0000000617c00000| Untracked 
|  96|0x0000000618000000, 0x0000000618400000, 0x0000000618400000|100%| O|  |TAMS 0x0000000618400000, 0x0000000618000000| Untracked 
|  97|0x0000000618400000, 0x0000000618800000, 0x0000000618800000|100%| O|  |TAMS 0x0000000618800000, 0x0000000618400000| Untracked 
|  98|0x0000000618800000, 0x0000000618c00000, 0x0000000618c00000|100%| O|  |TAMS 0x0000000618c00000, 0x0000000618800000| Untracked 
|  99|0x0000000618c00000, 0x0000000619000000, 0x0000000619000000|100%| O|  |TAMS 0x0000000619000000, 0x0000000618c00000| Untracked 
| 100|0x0000000619000000, 0x0000000619400000, 0x0000000619400000|100%| O|  |TAMS 0x0000000619400000, 0x0000000619000000| Untracked 
| 101|0x0000000619400000, 0x0000000619800000, 0x0000000619800000|100%| O|  |TAMS 0x0000000619400000, 0x0000000619400000| Untracked 
| 102|0x0000000619800000, 0x0000000619c00000, 0x0000000619c00000|100%| O|  |TAMS 0x0000000619800000, 0x0000000619800000| Untracked 
| 103|0x0000000619c00000, 0x000000061a000000, 0x000000061a000000|100%| O|  |TAMS 0x000000061a000000, 0x0000000619c00000| Untracked 
| 104|0x000000061a000000, 0x000000061a400000, 0x000000061a400000|100%| O|  |TAMS 0x000000061a400000, 0x000000061a000000| Untracked 
| 105|0x000000061a400000, 0x000000061a800000, 0x000000061a800000|100%| O|  |TAMS 0x000000061a400000, 0x000000061a400000| Untracked 
| 106|0x000000061a800000, 0x000000061ac00000, 0x000000061ac00000|100%| O|  |TAMS 0x000000061a800000, 0x000000061a800000| Untracked 
| 107|0x000000061ac00000, 0x000000061b000000, 0x000000061b000000|100%| O|  |TAMS 0x000000061ac00000, 0x000000061ac00000| Untracked 
| 108|0x000000061b000000, 0x000000061b400000, 0x000000061b400000|100%| O|  |TAMS 0x000000061b400000, 0x000000061b000000| Untracked 
| 109|0x000000061b400000, 0x000000061b800000, 0x000000061b800000|100%| O|  |TAMS 0x000000061b800000, 0x000000061b400000| Untracked 
| 110|0x000000061b800000, 0x000000061bc00000, 0x000000061bc00000|100%| O|  |TAMS 0x000000061bc00000, 0x000000061b800000| Untracked 
| 111|0x000000061bc00000, 0x000000061c000000, 0x000000061c000000|100%| O|  |TAMS 0x000000061c000000, 0x000000061bc00000| Untracked 
| 112|0x000000061c000000, 0x000000061c400000, 0x000000061c400000|100%| O|  |TAMS 0x000000061c400000, 0x000000061c000000| Untracked 
| 113|0x000000061c400000, 0x000000061c800000, 0x000000061c800000|100%| O|  |TAMS 0x000000061c800000, 0x000000061c400000| Untracked 
| 114|0x000000061c800000, 0x000000061cc00000, 0x000000061cc00000|100%| O|  |TAMS 0x000000061cc00000, 0x000000061c800000| Untracked 
| 115|0x000000061cc00000, 0x000000061d000000, 0x000000061d000000|100%| O|  |TAMS 0x000000061d000000, 0x000000061cc00000| Untracked 
| 116|0x000000061d000000, 0x000000061d400000, 0x000000061d400000|100%| O|  |TAMS 0x000000061d400000, 0x000000061d000000| Untracked 
| 117|0x000000061d400000, 0x000000061d800000, 0x000000061d800000|100%| O|  |TAMS 0x000000061d800000, 0x000000061d400000| Untracked 
| 118|0x000000061d800000, 0x000000061dc00000, 0x000000061dc00000|100%| O|  |TAMS 0x000000061d800000, 0x000000061d800000| Untracked 
| 119|0x000000061dc00000, 0x000000061e000000, 0x000000061e000000|100%|HS|  |TAMS 0x000000061e000000, 0x000000061dc00000| Complete 
| 120|0x000000061e000000, 0x000000061e400000, 0x000000061e400000|100%|HS|  |TAMS 0x000000061e400000, 0x000000061e000000| Complete 
| 121|0x000000061e400000, 0x000000061e800000, 0x000000061e800000|100%| O|  |TAMS 0x000000061e800000, 0x000000061e400000| Untracked 
| 122|0x000000061e800000, 0x000000061ec00000, 0x000000061ec00000|100%| O|  |TAMS 0x000000061ec00000, 0x000000061e800000| Untracked 
| 123|0x000000061ec00000, 0x000000061f000000, 0x000000061f000000|100%| O|  |TAMS 0x000000061f000000, 0x000000061ec00000| Untracked 
| 124|0x000000061f000000, 0x000000061f400000, 0x000000061f400000|100%| O|  |TAMS 0x000000061f400000, 0x000000061f000000| Untracked 
| 125|0x000000061f400000, 0x000000061f800000, 0x000000061f800000|100%| O|  |TAMS 0x000000061f800000, 0x000000061f400000| Untracked 
| 126|0x000000061f800000, 0x000000061fc00000, 0x000000061fc00000|100%| O|  |TAMS 0x000000061f800000, 0x000000061f800000| Untracked 
| 127|0x000000061fc00000, 0x0000000620000000, 0x0000000620000000|100%| O|  |TAMS 0x0000000620000000, 0x000000061fc00000| Untracked 
| 128|0x0000000620000000, 0x0000000620400000, 0x0000000620400000|100%| O|  |TAMS 0x0000000620400000, 0x0000000620000000| Untracked 
| 129|0x0000000620400000, 0x0000000620800000, 0x0000000620800000|100%| O|  |TAMS 0x0000000620800000, 0x0000000620400000| Untracked 
| 130|0x0000000620800000, 0x0000000620c00000, 0x0000000620c00000|100%| O|  |TAMS 0x0000000620c00000, 0x0000000620800000| Untracked 
| 131|0x0000000620c00000, 0x0000000621000000, 0x0000000621000000|100%| O|  |TAMS 0x0000000621000000, 0x0000000620c00000| Untracked 
| 132|0x0000000621000000, 0x0000000621400000, 0x0000000621400000|100%| O|  |TAMS 0x0000000621400000, 0x0000000621000000| Untracked 
| 133|0x0000000621400000, 0x0000000621800000, 0x0000000621800000|100%| O|  |TAMS 0x0000000621800000, 0x0000000621400000| Untracked 
| 134|0x0000000621800000, 0x0000000621c00000, 0x0000000621c00000|100%| O|  |TAMS 0x00000006219dec00, 0x0000000621800000| Untracked 
| 135|0x0000000621c00000, 0x0000000622000000, 0x0000000622000000|100%| O|  |TAMS 0x0000000621c00000, 0x0000000621c00000| Untracked 
| 136|0x0000000622000000, 0x0000000622400000, 0x0000000622400000|100%| O|  |TAMS 0x0000000622000000, 0x0000000622000000| Untracked 
| 137|0x0000000622400000, 0x0000000622800000, 0x0000000622800000|100%| O|  |TAMS 0x0000000622400000, 0x0000000622400000| Untracked 
| 138|0x0000000622800000, 0x0000000622c00000, 0x0000000622c00000|100%| O|  |TAMS 0x0000000622800000, 0x0000000622800000| Untracked 
| 139|0x0000000622c00000, 0x0000000623000000, 0x0000000623000000|100%| O|  |TAMS 0x0000000622c00000, 0x0000000622c00000| Untracked 
| 140|0x0000000623000000, 0x0000000623400000, 0x0000000623400000|100%| O|  |TAMS 0x0000000623000000, 0x0000000623000000| Untracked 
| 141|0x0000000623400000, 0x0000000623800000, 0x0000000623800000|100%| O|  |TAMS 0x0000000623400000, 0x0000000623400000| Untracked 
| 142|0x0000000623800000, 0x0000000623c00000, 0x0000000623c00000|100%| O|  |TAMS 0x0000000623800000, 0x0000000623800000| Untracked 
| 143|0x0000000623c00000, 0x0000000624000000, 0x0000000624000000|100%| O|  |TAMS 0x0000000623c00000, 0x0000000623c00000| Untracked 
| 144|0x0000000624000000, 0x0000000624400000, 0x0000000624400000|100%| O|  |TAMS 0x0000000624000000, 0x0000000624000000| Untracked 
| 145|0x0000000624400000, 0x0000000624800000, 0x0000000624800000|100%| O|  |TAMS 0x0000000624400000, 0x0000000624400000| Untracked 
| 146|0x0000000624800000, 0x0000000624c00000, 0x0000000624c00000|100%| O|  |TAMS 0x0000000624800000, 0x0000000624800000| Untracked 
| 147|0x0000000624c00000, 0x0000000625000000, 0x0000000625000000|100%| O|  |TAMS 0x0000000624c00000, 0x0000000624c00000| Untracked 
| 148|0x0000000625000000, 0x0000000625400000, 0x0000000625400000|100%| O|  |TAMS 0x0000000625000000, 0x0000000625000000| Untracked 
| 149|0x0000000625400000, 0x0000000625800000, 0x0000000625800000|100%| O|  |TAMS 0x0000000625400000, 0x0000000625400000| Untracked 
| 150|0x0000000625800000, 0x0000000625c00000, 0x0000000625c00000|100%| O|  |TAMS 0x0000000625800000, 0x0000000625800000| Untracked 
| 151|0x0000000625c00000, 0x0000000626000000, 0x0000000626000000|100%| O|  |TAMS 0x0000000625c00000, 0x0000000625c00000| Untracked 
| 152|0x0000000626000000, 0x0000000626400000, 0x0000000626400000|100%| O|  |TAMS 0x0000000626000000, 0x0000000626000000| Untracked 
| 153|0x0000000626400000, 0x0000000626800000, 0x0000000626800000|100%| O|  |TAMS 0x0000000626400000, 0x0000000626400000| Untracked 
| 154|0x0000000626800000, 0x0000000626c00000, 0x0000000626c00000|100%| O|  |TAMS 0x0000000626800000, 0x0000000626800000| Untracked 
| 155|0x0000000626c00000, 0x0000000627000000, 0x0000000627000000|100%| O|  |TAMS 0x0000000626c00000, 0x0000000626c00000| Untracked 
| 156|0x0000000627000000, 0x0000000627400000, 0x0000000627400000|100%| O|  |TAMS 0x0000000627000000, 0x0000000627000000| Untracked 
| 157|0x0000000627400000, 0x0000000627800000, 0x0000000627800000|100%| O|  |TAMS 0x0000000627400000, 0x0000000627400000| Untracked 
| 158|0x0000000627800000, 0x0000000627c00000, 0x0000000627c00000|100%| O|  |TAMS 0x0000000627800000, 0x0000000627800000| Untracked 
| 159|0x0000000627c00000, 0x0000000628000000, 0x0000000628000000|100%| O|  |TAMS 0x0000000627c00000, 0x0000000627c00000| Untracked 
| 160|0x0000000628000000, 0x0000000628400000, 0x0000000628400000|100%| O|  |TAMS 0x0000000628000000, 0x0000000628000000| Untracked 
| 161|0x0000000628400000, 0x0000000628800000, 0x0000000628800000|100%|HS|  |TAMS 0x0000000628400000, 0x0000000628400000| Complete 
| 162|0x0000000628800000, 0x0000000628c00000, 0x0000000628c00000|100%| O|  |TAMS 0x0000000628800000, 0x0000000628800000| Untracked 
| 163|0x0000000628c00000, 0x0000000629000000, 0x0000000629000000|100%| O|  |TAMS 0x0000000628c00000, 0x0000000628c00000| Untracked 
| 164|0x0000000629000000, 0x0000000629400000, 0x0000000629400000|100%| O|  |TAMS 0x0000000629000000, 0x0000000629000000| Untracked 
| 165|0x0000000629400000, 0x0000000629800000, 0x0000000629800000|100%| O|  |TAMS 0x0000000629400000, 0x0000000629400000| Untracked 
| 166|0x0000000629800000, 0x0000000629c00000, 0x0000000629c00000|100%| O|  |TAMS 0x0000000629800000, 0x0000000629800000| Untracked 
| 167|0x0000000629c00000, 0x000000062a000000, 0x000000062a000000|100%| O|  |TAMS 0x0000000629c00000, 0x0000000629c00000| Untracked 
| 168|0x000000062a000000, 0x000000062a400000, 0x000000062a400000|100%| O|  |TAMS 0x000000062a000000, 0x000000062a000000| Untracked 
| 169|0x000000062a400000, 0x000000062a800000, 0x000000062a800000|100%| O|  |TAMS 0x000000062a400000, 0x000000062a400000| Untracked 
| 170|0x000000062a800000, 0x000000062ac00000, 0x000000062ac00000|100%| O|  |TAMS 0x000000062a800000, 0x000000062a800000| Untracked 
| 171|0x000000062ac00000, 0x000000062b000000, 0x000000062b000000|100%| O|  |TAMS 0x000000062ac00000, 0x000000062ac00000| Untracked 
| 172|0x000000062b000000, 0x000000062b400000, 0x000000062b400000|100%| O|  |TAMS 0x000000062b000000, 0x000000062b000000| Untracked 
| 173|0x000000062b400000, 0x000000062b800000, 0x000000062b800000|100%| O|  |TAMS 0x000000062b400000, 0x000000062b400000| Untracked 
| 174|0x000000062b800000, 0x000000062bc00000, 0x000000062bc00000|100%| O|  |TAMS 0x000000062b800000, 0x000000062b800000| Untracked 
| 175|0x000000062bc00000, 0x000000062c000000, 0x000000062c000000|100%| O|  |TAMS 0x000000062bc00000, 0x000000062bc00000| Untracked 
| 176|0x000000062c000000, 0x000000062c400000, 0x000000062c400000|100%| O|  |TAMS 0x000000062c000000, 0x000000062c000000| Untracked 
| 177|0x000000062c400000, 0x000000062c800000, 0x000000062c800000|100%| O|  |TAMS 0x000000062c400000, 0x000000062c400000| Untracked 
| 178|0x000000062c800000, 0x000000062cc00000, 0x000000062cc00000|100%| O|  |TAMS 0x000000062c800000, 0x000000062c800000| Untracked 
| 179|0x000000062cc00000, 0x000000062d000000, 0x000000062d000000|100%| O|  |TAMS 0x000000062cc00000, 0x000000062cc00000| Untracked 
| 180|0x000000062d000000, 0x000000062d400000, 0x000000062d400000|100%| O|  |TAMS 0x000000062d000000, 0x000000062d000000| Untracked 
| 181|0x000000062d400000, 0x000000062d800000, 0x000000062d800000|100%| O|  |TAMS 0x000000062d400000, 0x000000062d400000| Untracked 
| 182|0x000000062d800000, 0x000000062dc00000, 0x000000062dc00000|100%| O|  |TAMS 0x000000062d800000, 0x000000062d800000| Untracked 
| 183|0x000000062dc00000, 0x000000062e000000, 0x000000062e000000|100%| O|  |TAMS 0x000000062dc00000, 0x000000062dc00000| Untracked 
| 184|0x000000062e000000, 0x000000062e400000, 0x000000062e400000|100%| O|  |TAMS 0x000000062e000000, 0x000000062e000000| Untracked 
| 185|0x000000062e400000, 0x000000062e800000, 0x000000062e800000|100%| O|  |TAMS 0x000000062e400000, 0x000000062e400000| Untracked 
| 186|0x000000062e800000, 0x000000062ec00000, 0x000000062ec00000|100%| O|  |TAMS 0x000000062e800000, 0x000000062e800000| Untracked 
| 187|0x000000062ec00000, 0x000000062f000000, 0x000000062f000000|100%| O|  |TAMS 0x000000062ec00000, 0x000000062ec00000| Untracked 
| 188|0x000000062f000000, 0x000000062f400000, 0x000000062f400000|100%| O|  |TAMS 0x000000062f000000, 0x000000062f000000| Untracked 
| 189|0x000000062f400000, 0x000000062f800000, 0x000000062f800000|100%| O|  |TAMS 0x000000062f400000, 0x000000062f400000| Untracked 
| 190|0x000000062f800000, 0x000000062fc00000, 0x000000062fc00000|100%| O|  |TAMS 0x000000062f800000, 0x000000062f800000| Untracked 
| 191|0x000000062fc00000, 0x0000000630000000, 0x0000000630000000|100%| O|  |TAMS 0x000000062fc00000, 0x000000062fc00000| Untracked 
| 192|0x0000000630000000, 0x0000000630400000, 0x0000000630400000|100%| O|  |TAMS 0x0000000630000000, 0x0000000630000000| Untracked 
| 193|0x0000000630400000, 0x0000000630800000, 0x0000000630800000|100%| O|  |TAMS 0x0000000630400000, 0x0000000630400000| Untracked 
| 194|0x0000000630800000, 0x0000000630c00000, 0x0000000630c00000|100%| O|  |TAMS 0x0000000630800000, 0x0000000630800000| Untracked 
| 195|0x0000000630c00000, 0x0000000631000000, 0x0000000631000000|100%| O|  |TAMS 0x0000000630c00000, 0x0000000630c00000| Untracked 
| 196|0x0000000631000000, 0x0000000631400000, 0x0000000631400000|100%| O|  |TAMS 0x0000000631000000, 0x0000000631000000| Untracked 
| 197|0x0000000631400000, 0x0000000631800000, 0x0000000631800000|100%| O|  |TAMS 0x0000000631400000, 0x0000000631400000| Untracked 
| 198|0x0000000631800000, 0x0000000631c00000, 0x0000000631c00000|100%| O|  |TAMS 0x0000000631800000, 0x0000000631800000| Untracked 
| 199|0x0000000631c00000, 0x0000000632000000, 0x0000000632000000|100%| O|  |TAMS 0x0000000631c00000, 0x0000000631c00000| Untracked 
| 200|0x0000000632000000, 0x0000000632400000, 0x0000000632400000|100%| O|  |TAMS 0x0000000632000000, 0x0000000632000000| Untracked 
| 201|0x0000000632400000, 0x0000000632800000, 0x0000000632800000|100%| O|  |TAMS 0x0000000632400000, 0x0000000632400000| Untracked 
| 202|0x0000000632800000, 0x0000000632c00000, 0x0000000632c00000|100%| O|  |TAMS 0x0000000632800000, 0x0000000632800000| Untracked 
| 203|0x0000000632c00000, 0x0000000633000000, 0x0000000633000000|100%| O|  |TAMS 0x0000000632c00000, 0x0000000632c00000| Untracked 
| 204|0x0000000633000000, 0x0000000633400000, 0x0000000633400000|100%| O|  |TAMS 0x0000000633000000, 0x0000000633000000| Untracked 
| 205|0x0000000633400000, 0x0000000633800000, 0x0000000633800000|100%| O|  |TAMS 0x0000000633400000, 0x0000000633400000| Untracked 
| 206|0x0000000633800000, 0x0000000633c00000, 0x0000000633c00000|100%| O|  |TAMS 0x0000000633800000, 0x0000000633800000| Untracked 
| 207|0x0000000633c00000, 0x0000000634000000, 0x0000000634000000|100%| O|  |TAMS 0x0000000633c00000, 0x0000000633c00000| Untracked 
| 208|0x0000000634000000, 0x0000000634400000, 0x0000000634400000|100%| O|  |TAMS 0x0000000634000000, 0x0000000634000000| Untracked 
| 209|0x0000000634400000, 0x0000000634800000, 0x0000000634800000|100%| O|  |TAMS 0x0000000634400000, 0x0000000634400000| Untracked 
| 210|0x0000000634800000, 0x0000000634c00000, 0x0000000634c00000|100%| O|  |TAMS 0x0000000634800000, 0x0000000634800000| Untracked 
| 211|0x0000000634c00000, 0x0000000635000000, 0x0000000635000000|100%| O|  |TAMS 0x0000000634c00000, 0x0000000634c00000| Untracked 
| 212|0x0000000635000000, 0x0000000635231400, 0x0000000635400000| 54%| O|  |TAMS 0x0000000635000000, 0x0000000635000000| Untracked 
| 213|0x0000000635400000, 0x0000000635400000, 0x0000000635800000|  0%| F|  |TAMS 0x0000000635400000, 0x0000000635400000| Untracked 
| 214|0x0000000635800000, 0x0000000635800000, 0x0000000635c00000|  0%| F|  |TAMS 0x0000000635800000, 0x0000000635800000| Untracked 
| 215|0x0000000635c00000, 0x0000000635c00000, 0x0000000636000000|  0%| F|  |TAMS 0x0000000635c00000, 0x0000000635c00000| Untracked 
| 216|0x0000000636000000, 0x0000000636000000, 0x0000000636400000|  0%| F|  |TAMS 0x0000000636000000, 0x0000000636000000| Untracked 
| 217|0x0000000636400000, 0x0000000636400000, 0x0000000636800000|  0%| F|  |TAMS 0x0000000636400000, 0x0000000636400000| Untracked 
| 218|0x0000000636800000, 0x0000000636800000, 0x0000000636c00000|  0%| F|  |TAMS 0x0000000636800000, 0x0000000636800000| Untracked 
| 219|0x0000000636c00000, 0x0000000636c00000, 0x0000000637000000|  0%| F|  |TAMS 0x0000000636c00000, 0x0000000636c00000| Untracked 
| 220|0x0000000637000000, 0x0000000637000000, 0x0000000637400000|  0%| F|  |TAMS 0x0000000637000000, 0x0000000637000000| Untracked 
| 221|0x0000000637400000, 0x0000000637400000, 0x0000000637800000|  0%| F|  |TAMS 0x0000000637400000, 0x0000000637400000| Untracked 
| 222|0x0000000637800000, 0x0000000637800000, 0x0000000637c00000|  0%| F|  |TAMS 0x0000000637800000, 0x0000000637800000| Untracked 
| 223|0x0000000637c00000, 0x0000000637c00000, 0x0000000638000000|  0%| F|  |TAMS 0x0000000637c00000, 0x0000000637c00000| Untracked 
| 224|0x0000000638000000, 0x0000000638000000, 0x0000000638400000|  0%| F|  |TAMS 0x0000000638000000, 0x0000000638000000| Untracked 
| 225|0x0000000638400000, 0x0000000638400000, 0x0000000638800000|  0%| F|  |TAMS 0x0000000638400000, 0x0000000638400000| Untracked 
| 226|0x0000000638800000, 0x0000000638800000, 0x0000000638c00000|  0%| F|  |TAMS 0x0000000638800000, 0x0000000638800000| Untracked 
| 227|0x0000000638c00000, 0x0000000638c00000, 0x0000000639000000|  0%| F|  |TAMS 0x0000000638c00000, 0x0000000638c00000| Untracked 
| 228|0x0000000639000000, 0x0000000639000000, 0x0000000639400000|  0%| F|  |TAMS 0x0000000639000000, 0x0000000639000000| Untracked 
| 229|0x0000000639400000, 0x0000000639400000, 0x0000000639800000|  0%| F|  |TAMS 0x0000000639400000, 0x0000000639400000| Untracked 
| 230|0x0000000639800000, 0x0000000639800000, 0x0000000639c00000|  0%| F|  |TAMS 0x0000000639800000, 0x0000000639800000| Untracked 
| 231|0x0000000639c00000, 0x0000000639c00000, 0x000000063a000000|  0%| F|  |TAMS 0x0000000639c00000, 0x0000000639c00000| Untracked 
| 232|0x000000063a000000, 0x000000063a000000, 0x000000063a400000|  0%| F|  |TAMS 0x000000063a000000, 0x000000063a000000| Untracked 
| 233|0x000000063a400000, 0x000000063a400000, 0x000000063a800000|  0%| F|  |TAMS 0x000000063a400000, 0x000000063a400000| Untracked 
| 234|0x000000063a800000, 0x000000063a800000, 0x000000063ac00000|  0%| F|  |TAMS 0x000000063a800000, 0x000000063a800000| Untracked 
| 235|0x000000063ac00000, 0x000000063ac00000, 0x000000063b000000|  0%| F|  |TAMS 0x000000063ac00000, 0x000000063ac00000| Untracked 
| 236|0x000000063b000000, 0x000000063b000000, 0x000000063b400000|  0%| F|  |TAMS 0x000000063b000000, 0x000000063b000000| Untracked 
| 237|0x000000063b400000, 0x000000063b400000, 0x000000063b800000|  0%| F|  |TAMS 0x000000063b400000, 0x000000063b400000| Untracked 
| 238|0x000000063b800000, 0x000000063b800000, 0x000000063bc00000|  0%| F|  |TAMS 0x000000063b800000, 0x000000063b800000| Untracked 
| 239|0x000000063bc00000, 0x000000063bc00000, 0x000000063c000000|  0%| F|  |TAMS 0x000000063bc00000, 0x000000063bc00000| Untracked 
| 240|0x000000063c000000, 0x000000063c000000, 0x000000063c400000|  0%| F|  |TAMS 0x000000063c000000, 0x000000063c000000| Untracked 
| 241|0x000000063c400000, 0x000000063c400000, 0x000000063c800000|  0%| F|  |TAMS 0x000000063c400000, 0x000000063c400000| Untracked 
| 242|0x000000063c800000, 0x000000063c800000, 0x000000063cc00000|  0%| F|  |TAMS 0x000000063c800000, 0x000000063c800000| Untracked 
| 243|0x000000063cc00000, 0x000000063cc00000, 0x000000063d000000|  0%| F|  |TAMS 0x000000063cc00000, 0x000000063cc00000| Untracked 
| 244|0x000000063d000000, 0x000000063d000000, 0x000000063d400000|  0%| F|  |TAMS 0x000000063d000000, 0x000000063d000000| Untracked 
| 245|0x000000063d400000, 0x000000063d400000, 0x000000063d800000|  0%| F|  |TAMS 0x000000063d400000, 0x000000063d400000| Untracked 
| 246|0x000000063d800000, 0x000000063d800000, 0x000000063dc00000|  0%| F|  |TAMS 0x000000063d800000, 0x000000063d800000| Untracked 
| 247|0x000000063dc00000, 0x000000063dc00000, 0x000000063e000000|  0%| F|  |TAMS 0x000000063dc00000, 0x000000063dc00000| Untracked 
| 248|0x000000063e000000, 0x000000063e000000, 0x000000063e400000|  0%| F|  |TAMS 0x000000063e000000, 0x000000063e000000| Untracked 
| 249|0x000000063e400000, 0x000000063e400000, 0x000000063e800000|  0%| F|  |TAMS 0x000000063e400000, 0x000000063e400000| Untracked 
| 250|0x000000063e800000, 0x000000063e800000, 0x000000063ec00000|  0%| F|  |TAMS 0x000000063e800000, 0x000000063e800000| Untracked 
| 251|0x000000063ec00000, 0x000000063ec00000, 0x000000063f000000|  0%| F|  |TAMS 0x000000063ec00000, 0x000000063ec00000| Untracked 
| 252|0x000000063f000000, 0x000000063f000000, 0x000000063f400000|  0%| F|  |TAMS 0x000000063f000000, 0x000000063f000000| Untracked 
| 253|0x000000063f400000, 0x000000063f400000, 0x000000063f800000|  0%| F|  |TAMS 0x000000063f400000, 0x000000063f400000| Untracked 
| 254|0x000000063f800000, 0x000000063f800000, 0x000000063fc00000|  0%| F|  |TAMS 0x000000063f800000, 0x000000063f800000| Untracked 
| 255|0x000000063fc00000, 0x000000063fc00000, 0x0000000640000000|  0%| F|  |TAMS 0x000000063fc00000, 0x000000063fc00000| Untracked 
| 256|0x0000000640000000, 0x0000000640000000, 0x0000000640400000|  0%| F|  |TAMS 0x0000000640000000, 0x0000000640000000| Untracked 
| 257|0x0000000640400000, 0x0000000640400000, 0x0000000640800000|  0%| F|  |TAMS 0x0000000640400000, 0x0000000640400000| Untracked 
| 258|0x0000000640800000, 0x0000000640800000, 0x0000000640c00000|  0%| F|  |TAMS 0x0000000640800000, 0x0000000640800000| Untracked 
| 259|0x0000000640c00000, 0x0000000640c00000, 0x0000000641000000|  0%| F|  |TAMS 0x0000000640c00000, 0x0000000640c00000| Untracked 
| 260|0x0000000641000000, 0x0000000641000000, 0x0000000641400000|  0%| F|  |TAMS 0x0000000641000000, 0x0000000641000000| Untracked 
| 261|0x0000000641400000, 0x0000000641400000, 0x0000000641800000|  0%| F|  |TAMS 0x0000000641400000, 0x0000000641400000| Untracked 
| 262|0x0000000641800000, 0x0000000641800000, 0x0000000641c00000|  0%| F|  |TAMS 0x0000000641800000, 0x0000000641800000| Untracked 
| 263|0x0000000641c00000, 0x0000000641c00000, 0x0000000642000000|  0%| F|  |TAMS 0x0000000641c00000, 0x0000000641c00000| Untracked 
| 264|0x0000000642000000, 0x0000000642000000, 0x0000000642400000|  0%| F|  |TAMS 0x0000000642000000, 0x0000000642000000| Untracked 
| 265|0x0000000642400000, 0x0000000642400000, 0x0000000642800000|  0%| F|  |TAMS 0x0000000642400000, 0x0000000642400000| Untracked 
| 266|0x0000000642800000, 0x0000000642800000, 0x0000000642c00000|  0%| F|  |TAMS 0x0000000642800000, 0x0000000642800000| Untracked 
| 267|0x0000000642c00000, 0x0000000642c00000, 0x0000000643000000|  0%| F|  |TAMS 0x0000000642c00000, 0x0000000642c00000| Untracked 
| 268|0x0000000643000000, 0x0000000643000000, 0x0000000643400000|  0%| F|  |TAMS 0x0000000643000000, 0x0000000643000000| Untracked 
| 269|0x0000000643400000, 0x0000000643400000, 0x0000000643800000|  0%| F|  |TAMS 0x0000000643400000, 0x0000000643400000| Untracked 
| 270|0x0000000643800000, 0x0000000643800000, 0x0000000643c00000|  0%| F|  |TAMS 0x0000000643800000, 0x0000000643800000| Untracked 
| 271|0x0000000643c00000, 0x0000000643c00000, 0x0000000644000000|  0%| F|  |TAMS 0x0000000643c00000, 0x0000000643c00000| Untracked 
| 272|0x0000000644000000, 0x0000000644000000, 0x0000000644400000|  0%| F|  |TAMS 0x0000000644000000, 0x0000000644000000| Untracked 
| 273|0x0000000644400000, 0x0000000644400000, 0x0000000644800000|  0%| F|  |TAMS 0x0000000644400000, 0x0000000644400000| Untracked 
| 274|0x0000000644800000, 0x0000000644800000, 0x0000000644c00000|  0%| F|  |TAMS 0x0000000644800000, 0x0000000644800000| Untracked 
| 275|0x0000000644c00000, 0x0000000644c00000, 0x0000000645000000|  0%| F|  |TAMS 0x0000000644c00000, 0x0000000644c00000| Untracked 
| 276|0x0000000645000000, 0x0000000645000000, 0x0000000645400000|  0%| F|  |TAMS 0x0000000645000000, 0x0000000645000000| Untracked 
| 277|0x0000000645400000, 0x0000000645400000, 0x0000000645800000|  0%| F|  |TAMS 0x0000000645400000, 0x0000000645400000| Untracked 
| 278|0x0000000645800000, 0x0000000645800000, 0x0000000645c00000|  0%| F|  |TAMS 0x0000000645800000, 0x0000000645800000| Untracked 
| 279|0x0000000645c00000, 0x0000000645c00000, 0x0000000646000000|  0%| F|  |TAMS 0x0000000645c00000, 0x0000000645c00000| Untracked 
| 280|0x0000000646000000, 0x0000000646000000, 0x0000000646400000|  0%| F|  |TAMS 0x0000000646000000, 0x0000000646000000| Untracked 
| 281|0x0000000646400000, 0x0000000646400000, 0x0000000646800000|  0%| F|  |TAMS 0x0000000646400000, 0x0000000646400000| Untracked 
| 282|0x0000000646800000, 0x0000000646800000, 0x0000000646c00000|  0%| F|  |TAMS 0x0000000646800000, 0x0000000646800000| Untracked 
| 283|0x0000000646c00000, 0x0000000646c00000, 0x0000000647000000|  0%| F|  |TAMS 0x0000000646c00000, 0x0000000646c00000| Untracked 
| 284|0x0000000647000000, 0x0000000647000000, 0x0000000647400000|  0%| F|  |TAMS 0x0000000647000000, 0x0000000647000000| Untracked 
| 285|0x0000000647400000, 0x0000000647400000, 0x0000000647800000|  0%| F|  |TAMS 0x0000000647400000, 0x0000000647400000| Untracked 
| 286|0x0000000647800000, 0x0000000647800000, 0x0000000647c00000|  0%| F|  |TAMS 0x0000000647800000, 0x0000000647800000| Untracked 
| 287|0x0000000647c00000, 0x0000000647c00000, 0x0000000648000000|  0%| F|  |TAMS 0x0000000647c00000, 0x0000000647c00000| Untracked 
| 288|0x0000000648000000, 0x0000000648000000, 0x0000000648400000|  0%| F|  |TAMS 0x0000000648000000, 0x0000000648000000| Untracked 
| 289|0x0000000648400000, 0x0000000648400000, 0x0000000648800000|  0%| F|  |TAMS 0x0000000648400000, 0x0000000648400000| Untracked 
| 290|0x0000000648800000, 0x0000000648800000, 0x0000000648c00000|  0%| F|  |TAMS 0x0000000648800000, 0x0000000648800000| Untracked 
| 291|0x0000000648c00000, 0x0000000648c00000, 0x0000000649000000|  0%| F|  |TAMS 0x0000000648c00000, 0x0000000648c00000| Untracked 
| 292|0x0000000649000000, 0x0000000649000000, 0x0000000649400000|  0%| F|  |TAMS 0x0000000649000000, 0x0000000649000000| Untracked 
| 293|0x0000000649400000, 0x0000000649400000, 0x0000000649800000|  0%| F|  |TAMS 0x0000000649400000, 0x0000000649400000| Untracked 
| 294|0x0000000649800000, 0x0000000649800000, 0x0000000649c00000|  0%| F|  |TAMS 0x0000000649800000, 0x0000000649800000| Untracked 
| 295|0x0000000649c00000, 0x0000000649c00000, 0x000000064a000000|  0%| F|  |TAMS 0x0000000649c00000, 0x0000000649c00000| Untracked 
| 296|0x000000064a000000, 0x000000064a000000, 0x000000064a400000|  0%| F|  |TAMS 0x000000064a000000, 0x000000064a000000| Untracked 
| 297|0x000000064a400000, 0x000000064a400000, 0x000000064a800000|  0%| F|  |TAMS 0x000000064a400000, 0x000000064a400000| Untracked 
| 298|0x000000064a800000, 0x000000064a800000, 0x000000064ac00000|  0%| F|  |TAMS 0x000000064a800000, 0x000000064a800000| Untracked 
| 299|0x000000064ac00000, 0x000000064ac00000, 0x000000064b000000|  0%| F|  |TAMS 0x000000064ac00000, 0x000000064ac00000| Untracked 
| 300|0x000000064b000000, 0x000000064b000000, 0x000000064b400000|  0%| F|  |TAMS 0x000000064b000000, 0x000000064b000000| Untracked 
| 301|0x000000064b400000, 0x000000064b400000, 0x000000064b800000|  0%| F|  |TAMS 0x000000064b400000, 0x000000064b400000| Untracked 
| 302|0x000000064b800000, 0x000000064b800000, 0x000000064bc00000|  0%| F|  |TAMS 0x000000064b800000, 0x000000064b800000| Untracked 
| 303|0x000000064bc00000, 0x000000064bc00000, 0x000000064c000000|  0%| F|  |TAMS 0x000000064bc00000, 0x000000064bc00000| Untracked 
| 304|0x000000064c000000, 0x000000064c000000, 0x000000064c400000|  0%| F|  |TAMS 0x000000064c000000, 0x000000064c000000| Untracked 
| 305|0x000000064c400000, 0x000000064c400000, 0x000000064c800000|  0%| F|  |TAMS 0x000000064c400000, 0x000000064c400000| Untracked 
| 306|0x000000064c800000, 0x000000064c800000, 0x000000064cc00000|  0%| F|  |TAMS 0x000000064c800000, 0x000000064c800000| Untracked 
| 307|0x000000064cc00000, 0x000000064cc00000, 0x000000064d000000|  0%| F|  |TAMS 0x000000064cc00000, 0x000000064cc00000| Untracked 
| 308|0x000000064d000000, 0x000000064d000000, 0x000000064d400000|  0%| F|  |TAMS 0x000000064d000000, 0x000000064d000000| Untracked 
| 309|0x000000064d400000, 0x000000064d400000, 0x000000064d800000|  0%| F|  |TAMS 0x000000064d400000, 0x000000064d400000| Untracked 
| 310|0x000000064d800000, 0x000000064d800000, 0x000000064dc00000|  0%| F|  |TAMS 0x000000064d800000, 0x000000064d800000| Untracked 
| 311|0x000000064dc00000, 0x000000064dc00000, 0x000000064e000000|  0%| F|  |TAMS 0x000000064dc00000, 0x000000064dc00000| Untracked 
| 312|0x000000064e000000, 0x000000064e000000, 0x000000064e400000|  0%| F|  |TAMS 0x000000064e000000, 0x000000064e000000| Untracked 
| 313|0x000000064e400000, 0x000000064e400000, 0x000000064e800000|  0%| F|  |TAMS 0x000000064e400000, 0x000000064e400000| Untracked 
| 314|0x000000064e800000, 0x000000064e800000, 0x000000064ec00000|  0%| F|  |TAMS 0x000000064e800000, 0x000000064e800000| Untracked 
| 315|0x000000064ec00000, 0x000000064ec00000, 0x000000064f000000|  0%| F|  |TAMS 0x000000064ec00000, 0x000000064ec00000| Untracked 
| 316|0x000000064f000000, 0x000000064f000000, 0x000000064f400000|  0%| F|  |TAMS 0x000000064f000000, 0x000000064f000000| Untracked 
| 317|0x000000064f400000, 0x000000064f400000, 0x000000064f800000|  0%| F|  |TAMS 0x000000064f400000, 0x000000064f400000| Untracked 
| 318|0x000000064f800000, 0x000000064f800000, 0x000000064fc00000|  0%| F|  |TAMS 0x000000064f800000, 0x000000064f800000| Untracked 
| 319|0x000000064fc00000, 0x000000064fc00000, 0x0000000650000000|  0%| F|  |TAMS 0x000000064fc00000, 0x000000064fc00000| Untracked 
| 320|0x0000000650000000, 0x0000000650000000, 0x0000000650400000|  0%| F|  |TAMS 0x0000000650000000, 0x0000000650000000| Untracked 
| 321|0x0000000650400000, 0x0000000650400000, 0x0000000650800000|  0%| F|  |TAMS 0x0000000650400000, 0x0000000650400000| Untracked 
| 322|0x0000000650800000, 0x0000000650800000, 0x0000000650c00000|  0%| F|  |TAMS 0x0000000650800000, 0x0000000650800000| Untracked 
| 323|0x0000000650c00000, 0x0000000650c00000, 0x0000000651000000|  0%| F|  |TAMS 0x0000000650c00000, 0x0000000650c00000| Untracked 
| 324|0x0000000651000000, 0x0000000651000000, 0x0000000651400000|  0%| F|  |TAMS 0x0000000651000000, 0x0000000651000000| Untracked 
| 325|0x0000000651400000, 0x0000000651400000, 0x0000000651800000|  0%| F|  |TAMS 0x0000000651400000, 0x0000000651400000| Untracked 
| 326|0x0000000651800000, 0x0000000651800000, 0x0000000651c00000|  0%| F|  |TAMS 0x0000000651800000, 0x0000000651800000| Untracked 
| 327|0x0000000651c00000, 0x0000000651c00000, 0x0000000652000000|  0%| F|  |TAMS 0x0000000651c00000, 0x0000000651c00000| Untracked 
| 328|0x0000000652000000, 0x0000000652000000, 0x0000000652400000|  0%| F|  |TAMS 0x0000000652000000, 0x0000000652000000| Untracked 
| 329|0x0000000652400000, 0x0000000652400000, 0x0000000652800000|  0%| F|  |TAMS 0x0000000652400000, 0x0000000652400000| Untracked 
| 330|0x0000000652800000, 0x0000000652800000, 0x0000000652c00000|  0%| F|  |TAMS 0x0000000652800000, 0x0000000652800000| Untracked 
| 331|0x0000000652c00000, 0x0000000652c00000, 0x0000000653000000|  0%| F|  |TAMS 0x0000000652c00000, 0x0000000652c00000| Untracked 
| 332|0x0000000653000000, 0x0000000653000000, 0x0000000653400000|  0%| F|  |TAMS 0x0000000653000000, 0x0000000653000000| Untracked 
| 333|0x0000000653400000, 0x0000000653400000, 0x0000000653800000|  0%| F|  |TAMS 0x0000000653400000, 0x0000000653400000| Untracked 
| 334|0x0000000653800000, 0x0000000653800000, 0x0000000653c00000|  0%| F|  |TAMS 0x0000000653800000, 0x0000000653800000| Untracked 
| 335|0x0000000653c00000, 0x0000000653c00000, 0x0000000654000000|  0%| F|  |TAMS 0x0000000653c00000, 0x0000000653c00000| Untracked 
| 336|0x0000000654000000, 0x0000000654000000, 0x0000000654400000|  0%| F|  |TAMS 0x0000000654000000, 0x0000000654000000| Untracked 
| 337|0x0000000654400000, 0x0000000654400000, 0x0000000654800000|  0%| F|  |TAMS 0x0000000654400000, 0x0000000654400000| Untracked 
| 338|0x0000000654800000, 0x0000000654800000, 0x0000000654c00000|  0%| F|  |TAMS 0x0000000654800000, 0x0000000654800000| Untracked 
| 339|0x0000000654c00000, 0x0000000654c00000, 0x0000000655000000|  0%| F|  |TAMS 0x0000000654c00000, 0x0000000654c00000| Untracked 
| 340|0x0000000655000000, 0x0000000655000000, 0x0000000655400000|  0%| F|  |TAMS 0x0000000655000000, 0x0000000655000000| Untracked 
| 341|0x0000000655400000, 0x0000000655400000, 0x0000000655800000|  0%| F|  |TAMS 0x0000000655400000, 0x0000000655400000| Untracked 
| 342|0x0000000655800000, 0x0000000655800000, 0x0000000655c00000|  0%| F|  |TAMS 0x0000000655800000, 0x0000000655800000| Untracked 
| 343|0x0000000655c00000, 0x0000000655c00000, 0x0000000656000000|  0%| F|  |TAMS 0x0000000655c00000, 0x0000000655c00000| Untracked 
| 344|0x0000000656000000, 0x0000000656000000, 0x0000000656400000|  0%| F|  |TAMS 0x0000000656000000, 0x0000000656000000| Untracked 
| 345|0x0000000656400000, 0x0000000656400000, 0x0000000656800000|  0%| F|  |TAMS 0x0000000656400000, 0x0000000656400000| Untracked 
| 346|0x0000000656800000, 0x0000000656800000, 0x0000000656c00000|  0%| F|  |TAMS 0x0000000656800000, 0x0000000656800000| Untracked 
| 347|0x0000000656c00000, 0x0000000656c00000, 0x0000000657000000|  0%| F|  |TAMS 0x0000000656c00000, 0x0000000656c00000| Untracked 
| 348|0x0000000657000000, 0x0000000657000000, 0x0000000657400000|  0%| F|  |TAMS 0x0000000657000000, 0x0000000657000000| Untracked 
| 349|0x0000000657400000, 0x0000000657400000, 0x0000000657800000|  0%| F|  |TAMS 0x0000000657400000, 0x0000000657400000| Untracked 
| 350|0x0000000657800000, 0x0000000657800000, 0x0000000657c00000|  0%| F|  |TAMS 0x0000000657800000, 0x0000000657800000| Untracked 
| 351|0x0000000657c00000, 0x0000000657c00000, 0x0000000658000000|  0%| F|  |TAMS 0x0000000657c00000, 0x0000000657c00000| Untracked 
| 352|0x0000000658000000, 0x0000000658000000, 0x0000000658400000|  0%| F|  |TAMS 0x0000000658000000, 0x0000000658000000| Untracked 
| 353|0x0000000658400000, 0x0000000658400000, 0x0000000658800000|  0%| F|  |TAMS 0x0000000658400000, 0x0000000658400000| Untracked 
| 354|0x0000000658800000, 0x0000000658800000, 0x0000000658c00000|  0%| F|  |TAMS 0x0000000658800000, 0x0000000658800000| Untracked 
| 355|0x0000000658c00000, 0x0000000658c00000, 0x0000000659000000|  0%| F|  |TAMS 0x0000000658c00000, 0x0000000658c00000| Untracked 
| 356|0x0000000659000000, 0x0000000659000000, 0x0000000659400000|  0%| F|  |TAMS 0x0000000659000000, 0x0000000659000000| Untracked 
| 357|0x0000000659400000, 0x0000000659400000, 0x0000000659800000|  0%| F|  |TAMS 0x0000000659400000, 0x0000000659400000| Untracked 
| 358|0x0000000659800000, 0x0000000659800000, 0x0000000659c00000|  0%| F|  |TAMS 0x0000000659800000, 0x0000000659800000| Untracked 
| 359|0x0000000659c00000, 0x0000000659c00000, 0x000000065a000000|  0%| F|  |TAMS 0x0000000659c00000, 0x0000000659c00000| Untracked 
| 360|0x000000065a000000, 0x000000065a000000, 0x000000065a400000|  0%| F|  |TAMS 0x000000065a000000, 0x000000065a000000| Untracked 
| 361|0x000000065a400000, 0x000000065a400000, 0x000000065a800000|  0%| F|  |TAMS 0x000000065a400000, 0x000000065a400000| Untracked 
| 362|0x000000065a800000, 0x000000065a800000, 0x000000065ac00000|  0%| F|  |TAMS 0x000000065a800000, 0x000000065a800000| Untracked 
| 363|0x000000065ac00000, 0x000000065ac00000, 0x000000065b000000|  0%| F|  |TAMS 0x000000065ac00000, 0x000000065ac00000| Untracked 
| 364|0x000000065b000000, 0x000000065b000000, 0x000000065b400000|  0%| F|  |TAMS 0x000000065b000000, 0x000000065b000000| Untracked 
| 365|0x000000065b400000, 0x000000065b400000, 0x000000065b800000|  0%| F|  |TAMS 0x000000065b400000, 0x000000065b400000| Untracked 
| 366|0x000000065b800000, 0x000000065b800000, 0x000000065bc00000|  0%| F|  |TAMS 0x000000065b800000, 0x000000065b800000| Untracked 
| 367|0x000000065bc00000, 0x000000065bc00000, 0x000000065c000000|  0%| F|  |TAMS 0x000000065bc00000, 0x000000065bc00000| Untracked 
| 368|0x000000065c000000, 0x000000065c000000, 0x000000065c400000|  0%| F|  |TAMS 0x000000065c000000, 0x000000065c000000| Untracked 
| 369|0x000000065c400000, 0x000000065c400000, 0x000000065c800000|  0%| F|  |TAMS 0x000000065c400000, 0x000000065c400000| Untracked 
| 370|0x000000065c800000, 0x000000065c800000, 0x000000065cc00000|  0%| F|  |TAMS 0x000000065c800000, 0x000000065c800000| Untracked 
| 371|0x000000065cc00000, 0x000000065cc00000, 0x000000065d000000|  0%| F|  |TAMS 0x000000065cc00000, 0x000000065cc00000| Untracked 
| 372|0x000000065d000000, 0x000000065d000000, 0x000000065d400000|  0%| F|  |TAMS 0x000000065d000000, 0x000000065d000000| Untracked 
| 373|0x000000065d400000, 0x000000065d400000, 0x000000065d800000|  0%| F|  |TAMS 0x000000065d400000, 0x000000065d400000| Untracked 
| 374|0x000000065d800000, 0x000000065d800000, 0x000000065dc00000|  0%| F|  |TAMS 0x000000065d800000, 0x000000065d800000| Untracked 
| 375|0x000000065dc00000, 0x000000065dc00000, 0x000000065e000000|  0%| F|  |TAMS 0x000000065dc00000, 0x000000065dc00000| Untracked 
| 376|0x000000065e000000, 0x000000065e000000, 0x000000065e400000|  0%| F|  |TAMS 0x000000065e000000, 0x000000065e000000| Untracked 
| 377|0x000000065e400000, 0x000000065e400000, 0x000000065e800000|  0%| F|  |TAMS 0x000000065e400000, 0x000000065e400000| Untracked 
| 378|0x000000065e800000, 0x000000065e800000, 0x000000065ec00000|  0%| F|  |TAMS 0x000000065e800000, 0x000000065e800000| Untracked 
| 379|0x000000065ec00000, 0x000000065ec00000, 0x000000065f000000|  0%| F|  |TAMS 0x000000065ec00000, 0x000000065ec00000| Untracked 
| 380|0x000000065f000000, 0x000000065f000000, 0x000000065f400000|  0%| F|  |TAMS 0x000000065f000000, 0x000000065f000000| Untracked 
| 381|0x000000065f400000, 0x000000065f400000, 0x000000065f800000|  0%| F|  |TAMS 0x000000065f400000, 0x000000065f400000| Untracked 
| 382|0x000000065f800000, 0x000000065f800000, 0x000000065fc00000|  0%| F|  |TAMS 0x000000065f800000, 0x000000065f800000| Untracked 
| 383|0x000000065fc00000, 0x000000065fc00000, 0x0000000660000000|  0%| F|  |TAMS 0x000000065fc00000, 0x000000065fc00000| Untracked 
| 384|0x0000000660000000, 0x0000000660000000, 0x0000000660400000|  0%| F|  |TAMS 0x0000000660000000, 0x0000000660000000| Untracked 
| 385|0x0000000660400000, 0x0000000660400000, 0x0000000660800000|  0%| F|  |TAMS 0x0000000660400000, 0x0000000660400000| Untracked 
| 386|0x0000000660800000, 0x0000000660800000, 0x0000000660c00000|  0%| F|  |TAMS 0x0000000660800000, 0x0000000660800000| Untracked 
| 387|0x0000000660c00000, 0x0000000660c00000, 0x0000000661000000|  0%| F|  |TAMS 0x0000000660c00000, 0x0000000660c00000| Untracked 
| 388|0x0000000661000000, 0x0000000661000000, 0x0000000661400000|  0%| F|  |TAMS 0x0000000661000000, 0x0000000661000000| Untracked 
| 389|0x0000000661400000, 0x0000000661400000, 0x0000000661800000|  0%| F|  |TAMS 0x0000000661400000, 0x0000000661400000| Untracked 
| 390|0x0000000661800000, 0x0000000661800000, 0x0000000661c00000|  0%| F|  |TAMS 0x0000000661800000, 0x0000000661800000| Untracked 
| 391|0x0000000661c00000, 0x0000000661c00000, 0x0000000662000000|  0%| F|  |TAMS 0x0000000661c00000, 0x0000000661c00000| Untracked 
| 392|0x0000000662000000, 0x0000000662000000, 0x0000000662400000|  0%| F|  |TAMS 0x0000000662000000, 0x0000000662000000| Untracked 
| 393|0x0000000662400000, 0x0000000662400000, 0x0000000662800000|  0%| F|  |TAMS 0x0000000662400000, 0x0000000662400000| Untracked 
| 394|0x0000000662800000, 0x0000000662800000, 0x0000000662c00000|  0%| F|  |TAMS 0x0000000662800000, 0x0000000662800000| Untracked 
| 395|0x0000000662c00000, 0x0000000662c00000, 0x0000000663000000|  0%| F|  |TAMS 0x0000000662c00000, 0x0000000662c00000| Untracked 
| 396|0x0000000663000000, 0x0000000663000000, 0x0000000663400000|  0%| F|  |TAMS 0x0000000663000000, 0x0000000663000000| Untracked 
| 397|0x0000000663400000, 0x0000000663400000, 0x0000000663800000|  0%| F|  |TAMS 0x0000000663400000, 0x0000000663400000| Untracked 
| 398|0x0000000663800000, 0x0000000663800000, 0x0000000663c00000|  0%| F|  |TAMS 0x0000000663800000, 0x0000000663800000| Untracked 
| 399|0x0000000663c00000, 0x0000000663c00000, 0x0000000664000000|  0%| F|  |TAMS 0x0000000663c00000, 0x0000000663c00000| Untracked 
| 400|0x0000000664000000, 0x0000000664000000, 0x0000000664400000|  0%| F|  |TAMS 0x0000000664000000, 0x0000000664000000| Untracked 
| 401|0x0000000664400000, 0x0000000664400000, 0x0000000664800000|  0%| F|  |TAMS 0x0000000664400000, 0x0000000664400000| Untracked 
| 402|0x0000000664800000, 0x0000000664800000, 0x0000000664c00000|  0%| F|  |TAMS 0x0000000664800000, 0x0000000664800000| Untracked 
| 403|0x0000000664c00000, 0x0000000664c00000, 0x0000000665000000|  0%| F|  |TAMS 0x0000000664c00000, 0x0000000664c00000| Untracked 
| 404|0x0000000665000000, 0x0000000665000000, 0x0000000665400000|  0%| F|  |TAMS 0x0000000665000000, 0x0000000665000000| Untracked 
| 405|0x0000000665400000, 0x0000000665400000, 0x0000000665800000|  0%| F|  |TAMS 0x0000000665400000, 0x0000000665400000| Untracked 
| 406|0x0000000665800000, 0x0000000665800000, 0x0000000665c00000|  0%| F|  |TAMS 0x0000000665800000, 0x0000000665800000| Untracked 
| 407|0x0000000665c00000, 0x0000000665c00000, 0x0000000666000000|  0%| F|  |TAMS 0x0000000665c00000, 0x0000000665c00000| Untracked 
| 408|0x0000000666000000, 0x0000000666000000, 0x0000000666400000|  0%| F|  |TAMS 0x0000000666000000, 0x0000000666000000| Untracked 
| 409|0x0000000666400000, 0x0000000666400000, 0x0000000666800000|  0%| F|  |TAMS 0x0000000666400000, 0x0000000666400000| Untracked 
| 410|0x0000000666800000, 0x0000000666800000, 0x0000000666c00000|  0%| F|  |TAMS 0x0000000666800000, 0x0000000666800000| Untracked 
| 411|0x0000000666c00000, 0x0000000666c00000, 0x0000000667000000|  0%| F|  |TAMS 0x0000000666c00000, 0x0000000666c00000| Untracked 
| 412|0x0000000667000000, 0x0000000667000000, 0x0000000667400000|  0%| F|  |TAMS 0x0000000667000000, 0x0000000667000000| Untracked 
| 413|0x0000000667400000, 0x0000000667400000, 0x0000000667800000|  0%| F|  |TAMS 0x0000000667400000, 0x0000000667400000| Untracked 
| 414|0x0000000667800000, 0x0000000667800000, 0x0000000667c00000|  0%| F|  |TAMS 0x0000000667800000, 0x0000000667800000| Untracked 
| 415|0x0000000667c00000, 0x0000000667c00000, 0x0000000668000000|  0%| F|  |TAMS 0x0000000667c00000, 0x0000000667c00000| Untracked 
| 416|0x0000000668000000, 0x0000000668000000, 0x0000000668400000|  0%| F|  |TAMS 0x0000000668000000, 0x0000000668000000| Untracked 
| 417|0x0000000668400000, 0x0000000668400000, 0x0000000668800000|  0%| F|  |TAMS 0x0000000668400000, 0x0000000668400000| Untracked 
| 418|0x0000000668800000, 0x0000000668800000, 0x0000000668c00000|  0%| F|  |TAMS 0x0000000668800000, 0x0000000668800000| Untracked 
| 419|0x0000000668c00000, 0x0000000668c00000, 0x0000000669000000|  0%| F|  |TAMS 0x0000000668c00000, 0x0000000668c00000| Untracked 
| 420|0x0000000669000000, 0x0000000669000000, 0x0000000669400000|  0%| F|  |TAMS 0x0000000669000000, 0x0000000669000000| Untracked 
| 421|0x0000000669400000, 0x0000000669400000, 0x0000000669800000|  0%| F|  |TAMS 0x0000000669400000, 0x0000000669400000| Untracked 
| 422|0x0000000669800000, 0x0000000669800000, 0x0000000669c00000|  0%| F|  |TAMS 0x0000000669800000, 0x0000000669800000| Untracked 
| 423|0x0000000669c00000, 0x0000000669c00000, 0x000000066a000000|  0%| F|  |TAMS 0x0000000669c00000, 0x0000000669c00000| Untracked 
| 424|0x000000066a000000, 0x000000066a000000, 0x000000066a400000|  0%| F|  |TAMS 0x000000066a000000, 0x000000066a000000| Untracked 
| 425|0x000000066a400000, 0x000000066a400000, 0x000000066a800000|  0%| F|  |TAMS 0x000000066a400000, 0x000000066a400000| Untracked 
| 426|0x000000066a800000, 0x000000066a800000, 0x000000066ac00000|  0%| F|  |TAMS 0x000000066a800000, 0x000000066a800000| Untracked 
| 427|0x000000066ac00000, 0x000000066ac00000, 0x000000066b000000|  0%| F|  |TAMS 0x000000066ac00000, 0x000000066ac00000| Untracked 
| 428|0x000000066b000000, 0x000000066b000000, 0x000000066b400000|  0%| F|  |TAMS 0x000000066b000000, 0x000000066b000000| Untracked 
| 429|0x000000066b400000, 0x000000066b400000, 0x000000066b800000|  0%| F|  |TAMS 0x000000066b400000, 0x000000066b400000| Untracked 
| 430|0x000000066b800000, 0x000000066b800000, 0x000000066bc00000|  0%| F|  |TAMS 0x000000066b800000, 0x000000066b800000| Untracked 
| 431|0x000000066bc00000, 0x000000066bc00000, 0x000000066c000000|  0%| F|  |TAMS 0x000000066bc00000, 0x000000066bc00000| Untracked 
| 432|0x000000066c000000, 0x000000066c000000, 0x000000066c400000|  0%| F|  |TAMS 0x000000066c000000, 0x000000066c000000| Untracked 
| 433|0x000000066c400000, 0x000000066c400000, 0x000000066c800000|  0%| F|  |TAMS 0x000000066c400000, 0x000000066c400000| Untracked 
| 434|0x000000066c800000, 0x000000066c800000, 0x000000066cc00000|  0%| F|  |TAMS 0x000000066c800000, 0x000000066c800000| Untracked 
| 435|0x000000066cc00000, 0x000000066cc00000, 0x000000066d000000|  0%| F|  |TAMS 0x000000066cc00000, 0x000000066cc00000| Untracked 
| 436|0x000000066d000000, 0x000000066d000000, 0x000000066d400000|  0%| F|  |TAMS 0x000000066d000000, 0x000000066d000000| Untracked 
| 437|0x000000066d400000, 0x000000066d400000, 0x000000066d800000|  0%| F|  |TAMS 0x000000066d400000, 0x000000066d400000| Untracked 
| 438|0x000000066d800000, 0x000000066d800000, 0x000000066dc00000|  0%| F|  |TAMS 0x000000066d800000, 0x000000066d800000| Untracked 
| 439|0x000000066dc00000, 0x000000066dc00000, 0x000000066e000000|  0%| F|  |TAMS 0x000000066dc00000, 0x000000066dc00000| Untracked 
| 440|0x000000066e000000, 0x000000066e000000, 0x000000066e400000|  0%| F|  |TAMS 0x000000066e000000, 0x000000066e000000| Untracked 
| 441|0x000000066e400000, 0x000000066e400000, 0x000000066e800000|  0%| F|  |TAMS 0x000000066e400000, 0x000000066e400000| Untracked 
| 442|0x000000066e800000, 0x000000066e800000, 0x000000066ec00000|  0%| F|  |TAMS 0x000000066e800000, 0x000000066e800000| Untracked 
| 443|0x000000066ec00000, 0x000000066ec00000, 0x000000066f000000|  0%| F|  |TAMS 0x000000066ec00000, 0x000000066ec00000| Untracked 
| 444|0x000000066f000000, 0x000000066f000000, 0x000000066f400000|  0%| F|  |TAMS 0x000000066f000000, 0x000000066f000000| Untracked 
| 445|0x000000066f400000, 0x000000066f400000, 0x000000066f800000|  0%| F|  |TAMS 0x000000066f400000, 0x000000066f400000| Untracked 
| 446|0x000000066f800000, 0x000000066f800000, 0x000000066fc00000|  0%| F|  |TAMS 0x000000066f800000, 0x000000066f800000| Untracked 
| 447|0x000000066fc00000, 0x000000066fc00000, 0x0000000670000000|  0%| F|  |TAMS 0x000000066fc00000, 0x000000066fc00000| Untracked 
| 448|0x0000000670000000, 0x0000000670000000, 0x0000000670400000|  0%| F|  |TAMS 0x0000000670000000, 0x0000000670000000| Untracked 
| 449|0x0000000670400000, 0x0000000670400000, 0x0000000670800000|  0%| F|  |TAMS 0x0000000670400000, 0x0000000670400000| Untracked 
| 450|0x0000000670800000, 0x0000000670800000, 0x0000000670c00000|  0%| F|  |TAMS 0x0000000670800000, 0x0000000670800000| Untracked 
| 451|0x0000000670c00000, 0x0000000670c00000, 0x0000000671000000|  0%| F|  |TAMS 0x0000000670c00000, 0x0000000670c00000| Untracked 
| 452|0x0000000671000000, 0x0000000671000000, 0x0000000671400000|  0%| F|  |TAMS 0x0000000671000000, 0x0000000671000000| Untracked 
| 453|0x0000000671400000, 0x0000000671400000, 0x0000000671800000|  0%| F|  |TAMS 0x0000000671400000, 0x0000000671400000| Untracked 
| 454|0x0000000671800000, 0x0000000671800000, 0x0000000671c00000|  0%| F|  |TAMS 0x0000000671800000, 0x0000000671800000| Untracked 
| 455|0x0000000671c00000, 0x0000000671c00000, 0x0000000672000000|  0%| F|  |TAMS 0x0000000671c00000, 0x0000000671c00000| Untracked 
| 456|0x0000000672000000, 0x0000000672000000, 0x0000000672400000|  0%| F|  |TAMS 0x0000000672000000, 0x0000000672000000| Untracked 
| 457|0x0000000672400000, 0x0000000672400000, 0x0000000672800000|  0%| F|  |TAMS 0x0000000672400000, 0x0000000672400000| Untracked 
| 458|0x0000000672800000, 0x0000000672800000, 0x0000000672c00000|  0%| F|  |TAMS 0x0000000672800000, 0x0000000672800000| Untracked 
| 459|0x0000000672c00000, 0x0000000672c00000, 0x0000000673000000|  0%| F|  |TAMS 0x0000000672c00000, 0x0000000672c00000| Untracked 
| 460|0x0000000673000000, 0x0000000673000000, 0x0000000673400000|  0%| F|  |TAMS 0x0000000673000000, 0x0000000673000000| Untracked 
| 461|0x0000000673400000, 0x0000000673400000, 0x0000000673800000|  0%| F|  |TAMS 0x0000000673400000, 0x0000000673400000| Untracked 
| 462|0x0000000673800000, 0x0000000673800000, 0x0000000673c00000|  0%| F|  |TAMS 0x0000000673800000, 0x0000000673800000| Untracked 
| 463|0x0000000673c00000, 0x0000000673c00000, 0x0000000674000000|  0%| F|  |TAMS 0x0000000673c00000, 0x0000000673c00000| Untracked 
| 464|0x0000000674000000, 0x0000000674000000, 0x0000000674400000|  0%| F|  |TAMS 0x0000000674000000, 0x0000000674000000| Untracked 
| 465|0x0000000674400000, 0x0000000674400000, 0x0000000674800000|  0%| F|  |TAMS 0x0000000674400000, 0x0000000674400000| Untracked 
| 466|0x0000000674800000, 0x0000000674800000, 0x0000000674c00000|  0%| F|  |TAMS 0x0000000674800000, 0x0000000674800000| Untracked 
| 467|0x0000000674c00000, 0x0000000674c00000, 0x0000000675000000|  0%| F|  |TAMS 0x0000000674c00000, 0x0000000674c00000| Untracked 
| 468|0x0000000675000000, 0x0000000675000000, 0x0000000675400000|  0%| F|  |TAMS 0x0000000675000000, 0x0000000675000000| Untracked 
| 469|0x0000000675400000, 0x0000000675400000, 0x0000000675800000|  0%| F|  |TAMS 0x0000000675400000, 0x0000000675400000| Untracked 
| 470|0x0000000675800000, 0x0000000675c00000, 0x0000000675c00000|100%| S|CS|TAMS 0x0000000675800000, 0x0000000675800000| Complete 
| 471|0x0000000675c00000, 0x0000000676000000, 0x0000000676000000|100%| S|CS|TAMS 0x0000000675c00000, 0x0000000675c00000| Complete 
| 472|0x0000000676000000, 0x0000000676400000, 0x0000000676400000|100%| S|CS|TAMS 0x0000000676000000, 0x0000000676000000| Complete 
| 473|0x0000000676400000, 0x0000000676400000, 0x0000000676800000|  0%| F|  |TAMS 0x0000000676400000, 0x0000000676400000| Untracked 
| 474|0x0000000676800000, 0x0000000676800000, 0x0000000676c00000|  0%| F|  |TAMS 0x0000000676800000, 0x0000000676800000| Untracked 
| 475|0x0000000676c00000, 0x0000000676c00000, 0x0000000677000000|  0%| F|  |TAMS 0x0000000676c00000, 0x0000000676c00000| Untracked 
| 476|0x0000000677000000, 0x0000000677000000, 0x0000000677400000|  0%| F|  |TAMS 0x0000000677000000, 0x0000000677000000| Untracked 
| 477|0x0000000677400000, 0x0000000677400000, 0x0000000677800000|  0%| F|  |TAMS 0x0000000677400000, 0x0000000677400000| Untracked 
| 478|0x0000000677800000, 0x0000000677800000, 0x0000000677c00000|  0%| F|  |TAMS 0x0000000677800000, 0x0000000677800000| Untracked 
| 479|0x0000000677c00000, 0x0000000677c00000, 0x0000000678000000|  0%| F|  |TAMS 0x0000000677c00000, 0x0000000677c00000| Untracked 
| 480|0x0000000678000000, 0x0000000678000000, 0x0000000678400000|  0%| F|  |TAMS 0x0000000678000000, 0x0000000678000000| Untracked 
| 481|0x0000000678400000, 0x0000000678400000, 0x0000000678800000|  0%| F|  |TAMS 0x0000000678400000, 0x0000000678400000| Untracked 
| 482|0x0000000678800000, 0x0000000678800000, 0x0000000678c00000|  0%| F|  |TAMS 0x0000000678800000, 0x0000000678800000| Untracked 
| 483|0x0000000678c00000, 0x0000000678c00000, 0x0000000679000000|  0%| F|  |TAMS 0x0000000678c00000, 0x0000000678c00000| Untracked 
| 484|0x0000000679000000, 0x0000000679000000, 0x0000000679400000|  0%| F|  |TAMS 0x0000000679000000, 0x0000000679000000| Untracked 
| 485|0x0000000679400000, 0x0000000679400000, 0x0000000679800000|  0%| F|  |TAMS 0x0000000679400000, 0x0000000679400000| Untracked 
| 486|0x0000000679800000, 0x0000000679800000, 0x0000000679c00000|  0%| F|  |TAMS 0x0000000679800000, 0x0000000679800000| Untracked 
| 487|0x0000000679c00000, 0x0000000679c00000, 0x000000067a000000|  0%| F|  |TAMS 0x0000000679c00000, 0x0000000679c00000| Untracked 
| 488|0x000000067a000000, 0x000000067a000000, 0x000000067a400000|  0%| F|  |TAMS 0x000000067a000000, 0x000000067a000000| Untracked 
| 489|0x000000067a400000, 0x000000067a400000, 0x000000067a800000|  0%| F|  |TAMS 0x000000067a400000, 0x000000067a400000| Untracked 
| 490|0x000000067a800000, 0x000000067a800000, 0x000000067ac00000|  0%| F|  |TAMS 0x000000067a800000, 0x000000067a800000| Untracked 
| 491|0x000000067ac00000, 0x000000067ac00000, 0x000000067b000000|  0%| F|  |TAMS 0x000000067ac00000, 0x000000067ac00000| Untracked 
| 492|0x000000067b000000, 0x000000067b000000, 0x000000067b400000|  0%| F|  |TAMS 0x000000067b000000, 0x000000067b000000| Untracked 
| 493|0x000000067b400000, 0x000000067b400000, 0x000000067b800000|  0%| F|  |TAMS 0x000000067b400000, 0x000000067b400000| Untracked 
| 494|0x000000067b800000, 0x000000067b800000, 0x000000067bc00000|  0%| F|  |TAMS 0x000000067b800000, 0x000000067b800000| Untracked 
| 495|0x000000067bc00000, 0x000000067bc00000, 0x000000067c000000|  0%| F|  |TAMS 0x000000067bc00000, 0x000000067bc00000| Untracked 
| 496|0x000000067c000000, 0x000000067c000000, 0x000000067c400000|  0%| F|  |TAMS 0x000000067c000000, 0x000000067c000000| Untracked 

Card table byte_map: [0x000000002be70000,0x000000002ce70000] _byte_map_base: 0x0000000028e70000

Marking Bits (Prev, Next): (CMBitMap*) 0x0000000002c0c690, (CMBitMap*) 0x0000000002c0c650
 Prev Bits: [0x0000000035e70000, 0x000000003de70000)
 Next Bits: [0x000000002de70000, 0x0000000035e70000)

Polling page: 0x00000000001d0000

Metaspace:

Usage:
  Non-class:    138.68 MB used.
      Class:     21.46 MB used.
       Both:    160.13 MB used.

Virtual space:
  Non-class space:      192.00 MB reserved,     139.94 MB ( 73%) committed,  3 nodes.
      Class space:        1.00 GB reserved,      22.56 MB (  2%) committed,  1 nodes.
             Both:        1.19 GB reserved,     162.50 MB ( 13%) committed. 

Chunk freelists:
   Non-Class:  4.02 MB
       Class:  9.48 MB
        Both:  13.50 MB

MaxMetaspaceSize: 4.00 GB
CompressedClassSpaceSize: 1.00 GB
Initial GC threshold: 21.00 MB
Current GC threshold: 268.25 MB
CDS: on
MetaspaceReclaimPolicy: balanced
 - commit_granule_bytes: 65536.
 - commit_granule_words: 8192.
 - virtual_space_node_default_size: 8388608.
 - enlarge_chunks_in_place: 1.
 - new_chunks_are_fully_committed: 0.
 - uncommit_free_chunks: 1.
 - use_allocation_guard: 0.
 - handle_deallocations: 1.


Internal statistics:

num_allocs_failed_limit: 63.
num_arena_births: 3910.
num_arena_deaths: 0.
num_vsnodes_births: 4.
num_vsnodes_deaths: 0.
num_space_committed: 2598.
num_space_uncommitted: 0.
num_chunks_returned_to_freelist: 63.
num_chunks_taken_from_freelist: 11811.
num_chunk_merges: 63.
num_chunk_splits: 7365.
num_chunks_enlarged: 4155.
num_inconsistent_stats: 0.

CodeHeap 'non-profiled nmethods': size=259264Kb used=18747Kb max_used=19550Kb free=240516Kb
 bounds [0x000000001a9d0000, 0x000000001bd10000, 0x000000002a700000]
CodeHeap 'profiled nmethods': size=259264Kb used=43813Kb max_used=43813Kb free=215450Kb
 bounds [0x000000000a700000, 0x000000000d1d0000, 0x000000001a430000]
CodeHeap 'non-nmethods': size=5760Kb used=1909Kb max_used=2083Kb free=3850Kb
 bounds [0x000000001a430000, 0x000000001a6a0000, 0x000000001a9d0000]
 total_blobs=23210 nmethods=22178 adapters=943
 compilation: enabled
              stopped_count=0, restarted_count=0
 full_count=0

Compilation events (20 events):
Event: 216.186 Thread 0x000000004131f220 28275       2       com.android.tools.r8.graph.o6$l::<init> (6 bytes)
Event: 216.186 Thread 0x000000004131f220 nmethod 28275 0x000000000d1a1890 code [0x000000000d1a1a20, 0x000000000d1a1b78]
Event: 216.191 Thread 0x000000004131f220 28277       3       com.android.tools.r8.graph.oa::b (64 bytes)
Event: 216.192 Thread 0x000000004131f220 nmethod 28277 0x000000000d1a1c10 code [0x000000000d1a1e40, 0x000000000d1a2898]
Event: 216.225 Thread 0x000000004131f220 28278 %     3       kotlin.collections.builders.MapBuilder::rehash @ 40 (71 bytes)
Event: 216.226 Thread 0x000000004131f220 nmethod 28278% 0x000000000d1a2b10 code [0x000000000d1a2d20, 0x000000000d1a33d8]
Event: 216.226 Thread 0x000000004131f220 28279       3       kotlin.collections.builders.MapBuilder::rehash (71 bytes)
Event: 216.227 Thread 0x000000004131f220 nmethod 28279 0x000000000d1a3690 code [0x000000000d1a38a0, 0x000000000d1a3ef8]
Event: 216.233 Thread 0x000000004131f220 28280 %     3       com.android.tools.r8.internal.ju::a @ 4037 (4509 bytes)
Event: 216.572 Thread 0x000000004131f220 nmethod 28280% 0x000000000d1a4190 code [0x000000000d1a5900, 0x000000000d1b6268]
Event: 217.107 Thread 0x000000004131f220 28283 %     3       org.jetbrains.kotlin.analysis.api.standalone.base.projectStructure.StandaloneProjectFactory::createSearchScopeByLibraryRoots @ 120 (197 bytes)
Event: 217.128 Thread 0x000000004131f220 nmethod 28283% 0x000000000d1c0c90 code [0x000000000d1c12c0, 0x000000000d1c49c8]
Event: 217.128 Thread 0x000000004131f220 28284       2       org.jetbrains.kotlin.analysis.api.impl.base.util.LibraryUtils::getAllVirtualFilesFromRoot (50 bytes)
Event: 217.136 Thread 0x000000004131f220 nmethod 28284 0x000000000d1c5c10 code [0x000000000d1c5e80, 0x000000000d1c6418]
Event: 217.136 Thread 0x000000004131f220 28285       2       org.jetbrains.kotlin.analysis.api.impl.base.util.LibraryUtils$$Lambda$3291/0x000000008267f3f0::<init> (10 bytes)
Event: 217.136 Thread 0x000000004131f220 nmethod 28285 0x000000000d1c6790 code [0x000000000d1c6920, 0x000000000d1c6a78]
Event: 217.140 Thread 0x000000004131f220 28287 %     2       com.android.tools.r8.graph.e8::b @ 42 (730 bytes)
Event: 217.151 Thread 0x000000004131f220 nmethod 28287% 0x000000000d1c6b10 code [0x000000000d1c7100, 0x000000000d1c88d8]
Event: 217.199 Thread 0x000000004131e860 nmethod 28177 0x000000001b1e1e90 code [0x000000001b1e2720, 0x000000001b1ecab8]
Event: 217.204 Thread 0x000000004131e860 28290       4       com.android.tools.r8.graph.e8::b (730 bytes)

GC Heap History (20 events):
Event: 206.085 GC heap after
{Heap after GC invocations=148 (full 0):
 garbage-first heap   total 671744K, used 514682K [0x0000000600000000, 0x0000000800000000)
  region size 4096K, 2 young (8192K), 2 survivors (8192K)
 Metaspace       used 137457K, committed 139840K, reserved 1179648K
  class space    used 18519K, committed 19648K, reserved 1048576K
}
Event: 207.320 GC heap before
{Heap before GC invocations=148 (full 0):
 garbage-first heap   total 671744K, used 567930K [0x0000000600000000, 0x0000000800000000)
  region size 4096K, 16 young (65536K), 2 survivors (8192K)
 Metaspace       used 142967K, committed 145344K, reserved 1179648K
  class space    used 19104K, committed 20224K, reserved 1048576K
}
Event: 207.329 GC heap after
{Heap after GC invocations=149 (full 0):
 garbage-first heap   total 671744K, used 520209K [0x0000000600000000, 0x0000000800000000)
  region size 4096K, 2 young (8192K), 2 survivors (8192K)
 Metaspace       used 142967K, committed 145344K, reserved 1179648K
  class space    used 19104K, committed 20224K, reserved 1048576K
}
Event: 208.003 GC heap before
{Heap before GC invocations=150 (full 0):
 garbage-first heap   total 897024K, used 561169K [0x0000000600000000, 0x0000000800000000)
  region size 4096K, 13 young (53248K), 2 survivors (8192K)
 Metaspace       used 145410K, committed 147712K, reserved 1179648K
  class space    used 19346K, committed 20416K, reserved 1048576K
}
Event: 208.012 GC heap after
{Heap after GC invocations=151 (full 0):
 garbage-first heap   total 897024K, used 522913K [0x0000000600000000, 0x0000000800000000)
  region size 4096K, 1 young (4096K), 1 survivors (4096K)
 Metaspace       used 145410K, committed 147712K, reserved 1179648K
  class space    used 19346K, committed 20416K, reserved 1048576K
}
Event: 208.335 GC heap before
{Heap before GC invocations=151 (full 0):
 garbage-first heap   total 897024K, used 555681K [0x0000000600000000, 0x0000000800000000)
  region size 4096K, 10 young (40960K), 1 survivors (4096K)
 Metaspace       used 146428K, committed 148800K, reserved 1179648K
  class space    used 19438K, committed 20544K, reserved 1048576K
}
Event: 208.365 GC heap after
{Heap after GC invocations=152 (full 0):
 garbage-first heap   total 897024K, used 490118K [0x0000000600000000, 0x0000000800000000)
  region size 4096K, 2 young (8192K), 2 survivors (8192K)
 Metaspace       used 146428K, committed 148800K, reserved 1179648K
  class space    used 19438K, committed 20544K, reserved 1048576K
}
Event: 211.046 GC heap before
{Heap before GC invocations=152 (full 0):
 garbage-first heap   total 897024K, used 711302K [0x0000000600000000, 0x0000000800000000)
  region size 4096K, 57 young (233472K), 2 survivors (8192K)
 Metaspace       used 160696K, committed 163136K, reserved 1245184K
  class space    used 21299K, committed 22400K, reserved 1048576K
}
Event: 211.067 GC heap after
{Heap after GC invocations=153 (full 0):
 garbage-first heap   total 897024K, used 511899K [0x0000000600000000, 0x0000000800000000)
  region size 4096K, 7 young (28672K), 7 survivors (28672K)
 Metaspace       used 160696K, committed 163136K, reserved 1245184K
  class space    used 21299K, committed 22400K, reserved 1048576K
}
Event: 212.192 GC heap before
{Heap before GC invocations=154 (full 0):
 garbage-first heap   total 1019904K, used 708507K [0x0000000600000000, 0x0000000800000000)
  region size 4096K, 56 young (229376K), 7 survivors (28672K)
 Metaspace       used 162672K, committed 165056K, reserved 1245184K
  class space    used 21775K, committed 22848K, reserved 1048576K
}
Event: 212.271 GC heap after
{Heap after GC invocations=155 (full 0):
 garbage-first heap   total 1019904K, used 555645K [0x0000000600000000, 0x0000000800000000)
  region size 4096K, 7 young (28672K), 7 survivors (28672K)
 Metaspace       used 162672K, committed 165056K, reserved 1245184K
  class space    used 21775K, committed 22848K, reserved 1048576K
}
Event: 212.344 GC heap before
{Heap before GC invocations=155 (full 0):
 garbage-first heap   total 1019904K, used 576125K [0x0000000600000000, 0x0000000800000000)
  region size 4096K, 12 young (49152K), 7 survivors (28672K)
 Metaspace       used 162777K, committed 165184K, reserved 1245184K
  class space    used 21827K, committed 22912K, reserved 1048576K
}
Event: 212.409 GC heap after
{Heap after GC invocations=156 (full 0):
 garbage-first heap   total 2035712K, used 557203K [0x0000000600000000, 0x0000000800000000)
  region size 4096K, 2 young (8192K), 2 survivors (8192K)
 Metaspace       used 162777K, committed 165184K, reserved 1245184K
  class space    used 21827K, committed 22912K, reserved 1048576K
}
Event: 215.379 GC heap before
{Heap before GC invocations=156 (full 0):
 garbage-first heap   total 2035712K, used 1532051K [0x0000000600000000, 0x0000000800000000)
  region size 4096K, 241 young (987136K), 2 survivors (8192K)
 Metaspace       used 163924K, committed 166336K, reserved 1245184K
  class space    used 21969K, committed 23104K, reserved 1048576K
}
Event: 215.945 GC heap after
{Heap after GC invocations=157 (full 0):
 garbage-first heap   total 2035712K, used 786432K [0x0000000600000000, 0x0000000800000000)
  region size 4096K, 31 young (126976K), 31 survivors (126976K)
 Metaspace       used 163924K, committed 166336K, reserved 1245184K
  class space    used 21969K, committed 23104K, reserved 1048576K
}
Event: 216.271 GC heap before
{Heap before GC invocations=157 (full 0):
 garbage-first heap   total 2035712K, used 974848K [0x0000000600000000, 0x0000000800000000)
  region size 4096K, 76 young (311296K), 31 survivors (126976K)
 Metaspace       used 163964K, committed 166400K, reserved 1245184K
  class space    used 21973K, committed 23104K, reserved 1048576K
}
Event: 216.524 GC heap after
{Heap after GC invocations=158 (full 0):
 garbage-first heap   total 2035712K, used 839680K [0x0000000600000000, 0x0000000800000000)
  region size 4096K, 10 young (40960K), 10 survivors (40960K)
 Metaspace       used 163964K, committed 166400K, reserved 1245184K
  class space    used 21973K, committed 23104K, reserved 1048576K
}
Event: 216.682 GC heap before
{Heap before GC invocations=158 (full 0):
 garbage-first heap   total 2035712K, used 897024K [0x0000000600000000, 0x0000000800000000)
  region size 4096K, 24 young (98304K), 10 survivors (40960K)
 Metaspace       used 163964K, committed 166400K, reserved 1245184K
  class space    used 21973K, committed 23104K, reserved 1048576K
}
Event: 217.089 GC heap after
{Heap after GC invocations=159 (full 0):
 garbage-first heap   total 2035712K, used 862208K [0x0000000600000000, 0x0000000800000000)
  region size 4096K, 3 young (12288K), 3 survivors (12288K)
 Metaspace       used 163964K, committed 166400K, reserved 1245184K
  class space    used 21973K, committed 23104K, reserved 1048576K
}
Event: 217.221 GC heap before
{Heap before GC invocations=159 (full 0):
 garbage-first heap   total 2035712K, used 944128K [0x0000000600000000, 0x0000000800000000)
  region size 4096K, 24 young (98304K), 3 survivors (12288K)
 Metaspace       used 163977K, committed 166400K, reserved 1245184K
  class space    used 21973K, committed 23104K, reserved 1048576K
}

Dll operation events (15 events):
Event: 0.027 Loaded shared library C:\Users\Administrator\.jdks\ms-17.0.19\bin\java.dll
Event: 0.050 Loaded shared library C:\Users\Administrator\.jdks\ms-17.0.19\bin\jsvml.dll
Event: 0.121 Loaded shared library C:\Users\Administrator\.jdks\ms-17.0.19\bin\zip.dll
Event: 0.124 Loaded shared library C:\Users\Administrator\.jdks\ms-17.0.19\bin\instrument.dll
Event: 0.128 Loaded shared library C:\Users\Administrator\.jdks\ms-17.0.19\bin\net.dll
Event: 0.130 Loaded shared library C:\Users\Administrator\.jdks\ms-17.0.19\bin\nio.dll
Event: 0.133 Loaded shared library C:\Users\Administrator\.jdks\ms-17.0.19\bin\zip.dll
Event: 0.556 Loaded shared library C:\Users\Administrator\.jdks\ms-17.0.19\bin\jimage.dll
Event: 0.808 Loaded shared library C:\Users\Administrator\.jdks\ms-17.0.19\bin\verify.dll
Event: 0.849 Loaded shared library C:\Users\Administrator\.gradle\native\1def1411415f61bf3af743bc5b6707747c0891f09f0c88961ee8f79bc544acac\windows-amd64\native-platform.dll
Event: 0.875 Loaded shared library C:\Users\Administrator\.gradle\native\0.2.8\x86_64-windows-gnu\gradle-fileevents.dll
Event: 2.610 Loaded shared library C:\Users\Administrator\.jdks\ms-17.0.19\bin\management.dll
Event: 2.614 Loaded shared library C:\Users\Administrator\.jdks\ms-17.0.19\bin\management_ext.dll
Event: 2.899 Loaded shared library C:\Users\Administrator\.jdks\ms-17.0.19\bin\extnet.dll
Event: 3.285 Loaded shared library C:\Users\Administrator\.jdks\ms-17.0.19\bin\sunmscapi.dll

Deoptimization events (20 events):
Event: 217.137 Thread 0x00000000623b1720 Uncommon trap: reason=bimorphic_or_optimized_type_check action=maybe_recompile pc=0x000000001bc17d8c method=com.android.tools.r8.graph.e8.b()Lcom/android/tools/r8/graph/b8$c; @ 309 c2
Event: 217.137 Thread 0x00000000623b1720 DEOPT PACKING pc=0x000000001bc17d8c sp=0x00000000689fe580
Event: 217.138 Thread 0x0000000052ef24a0 Uncommon trap: trap_request=0xffffffc6 fr.pc=0x000000001bc17d8c relative=0x0000000000003eac
Event: 217.138 Thread 0x0000000052ef24a0 Uncommon trap: reason=bimorphic_or_optimized_type_check action=maybe_recompile pc=0x000000001bc17d8c method=com.android.tools.r8.graph.e8.b()Lcom/android/tools/r8/graph/b8$c; @ 309 c2
Event: 217.138 Thread 0x0000000052ef24a0 DEOPT PACKING pc=0x000000001bc17d8c sp=0x00000000682fe580
Event: 217.138 Thread 0x00000000623b1720 DEOPT UNPACKING pc=0x000000001a4869a3 sp=0x00000000689fe578 mode 2
Event: 217.139 Thread 0x0000000052ef24a0 DEOPT UNPACKING pc=0x000000001a4869a3 sp=0x00000000682fe578 mode 2
Event: 217.143 Thread 0x00000000623b1c30 DEOPT UNPACKING pc=0x000000001a4869a3 sp=0x00000000687fe578 mode 2
Event: 217.144 Thread 0x00000000623af3b0 DEOPT PACKING pc=0x000000000b898b39 sp=0x00000000688ff040
Event: 217.145 Thread 0x00000000623af3b0 DEOPT UNPACKING pc=0x000000001a487143 sp=0x00000000688fe518 mode 0
Event: 217.154 Thread 0x0000000052ef0b50 DEOPT PACKING pc=0x000000000b898b39 sp=0x00000000680ff040
Event: 217.154 Thread 0x0000000052ef0b50 DEOPT UNPACKING pc=0x000000001a487143 sp=0x00000000680fe518 mode 0
Event: 217.166 Thread 0x0000000052ef0b50 DEOPT PACKING pc=0x000000000b898b39 sp=0x00000000680ff040
Event: 217.166 Thread 0x0000000052ef0b50 DEOPT UNPACKING pc=0x000000001a487143 sp=0x00000000680fe518 mode 0
Event: 217.171 Thread 0x00000000623af3b0 DEOPT PACKING pc=0x000000000b898b39 sp=0x00000000688ff040
Event: 217.171 Thread 0x00000000623af3b0 DEOPT UNPACKING pc=0x000000001a487143 sp=0x00000000688fe518 mode 0
Event: 217.186 Thread 0x0000000052ef1060 DEOPT PACKING pc=0x000000000b898b39 sp=0x00000000681ff040
Event: 217.190 Thread 0x0000000052ef1060 DEOPT UNPACKING pc=0x000000001a487143 sp=0x00000000681fe518 mode 0
Event: 217.199 Thread 0x00000000623b1c30 DEOPT PACKING pc=0x000000000b898b39 sp=0x00000000687ff040
Event: 217.199 Thread 0x00000000623b1c30 DEOPT UNPACKING pc=0x000000001a487143 sp=0x00000000687fe518 mode 0

Classes loaded (20 events):
Event: 209.323 Loading class java/nio/file/FileTreeIterator
Event: 209.323 Loading class java/nio/file/FileTreeIterator done
Event: 209.484 Loading class java/util/zip/ZipOutputStream
Event: 209.485 Loading class java/util/zip/ZipOutputStream done
Event: 209.650 Loading class javax/xml/stream/XMLStreamConstants
Event: 209.651 Loading class javax/xml/stream/XMLStreamConstants done
Event: 209.666 Loading class javax/xml/stream/Location
Event: 209.666 Loading class javax/xml/stream/Location done
Event: 209.685 Loading class javax/xml/stream/XMLStreamReader
Event: 209.685 Loading class javax/xml/stream/XMLStreamReader done
Event: 209.753 Loading class java/io/UTFDataFormatException
Event: 209.753 Loading class java/io/UTFDataFormatException done
Event: 209.790 Loading class javax/swing/Icon
Event: 209.791 Loading class javax/swing/Icon done
Event: 210.678 Loading class java/util/concurrent/ForkJoinTask$AdaptedCallable
Event: 210.679 Loading class java/util/concurrent/ForkJoinTask$AdaptedCallable done
Event: 210.682 Loading class java/util/concurrent/ForkJoinPool$DefaultForkJoinWorkerThreadFactory$1
Event: 210.682 Loading class java/util/concurrent/ForkJoinPool$DefaultForkJoinWorkerThreadFactory$1 done
Event: 213.104 Loading class java/nio/file/attribute/UserPrincipalLookupService
Event: 213.118 Loading class java/nio/file/attribute/UserPrincipalLookupService done

Classes unloaded (0 events):
No events

Classes redefined (0 events):
No events

Internal exceptions (20 events):
Event: 210.993 Thread 0x000000005f9db1b0 Exception <a 'sun/nio/fs/WindowsException'{0x0000000629252b88}> (0x0000000629252b88) 
thrown [s\src\hotspot\share\prims\jni.cpp, line 516]
Event: 210.993 Thread 0x000000005f9db1b0 Exception <a 'sun/nio/fs/WindowsException'{0x0000000629253518}> (0x0000000629253518) 
thrown [s\src\hotspot\share\prims\jni.cpp, line 516]
Event: 210.993 Thread 0x000000005f9db1b0 Exception <a 'sun/nio/fs/WindowsException'{0x0000000629253ef0}> (0x0000000629253ef0) 
thrown [s\src\hotspot\share\prims\jni.cpp, line 516]
Event: 210.994 Thread 0x000000005f9db1b0 Exception <a 'sun/nio/fs/WindowsException'{0x0000000629254918}> (0x0000000629254918) 
thrown [s\src\hotspot\share\prims\jni.cpp, line 516]
Event: 210.994 Thread 0x000000005f9db1b0 Exception <a 'sun/nio/fs/WindowsException'{0x00000006292564d8}> (0x00000006292564d8) 
thrown [s\src\hotspot\share\prims\jni.cpp, line 516]
Event: 210.995 Thread 0x000000005f9db1b0 Exception <a 'sun/nio/fs/WindowsException'{0x0000000629256af0}> (0x0000000629256af0) 
thrown [s\src\hotspot\share\prims\jni.cpp, line 516]
Event: 210.995 Thread 0x000000005f9db1b0 Exception <a 'sun/nio/fs/WindowsException'{0x00000006292571b0}> (0x00000006292571b0) 
thrown [s\src\hotspot\share\prims\jni.cpp, line 516]
Event: 210.995 Thread 0x000000005f9db1b0 Exception <a 'sun/nio/fs/WindowsException'{0x00000006292578d0}> (0x00000006292578d0) 
thrown [s\src\hotspot\share\prims\jni.cpp, line 516]
Event: 210.996 Thread 0x000000005f9db1b0 Exception <a 'sun/nio/fs/WindowsException'{0x0000000629258aa8}> (0x0000000629258aa8) 
thrown [s\src\hotspot\share\prims\jni.cpp, line 516]
Event: 210.996 Thread 0x000000005f9db1b0 Exception <a 'sun/nio/fs/WindowsException'{0x00000006292590f8}> (0x00000006292590f8) 
thrown [s\src\hotspot\share\prims\jni.cpp, line 516]
Event: 210.996 Thread 0x000000005f9db1b0 Exception <a 'sun/nio/fs/WindowsException'{0x0000000629259800}> (0x0000000629259800) 
thrown [s\src\hotspot\share\prims\jni.cpp, line 516]
Event: 210.997 Thread 0x000000005f9db1b0 Exception <a 'sun/nio/fs/WindowsException'{0x000000062925a708}> (0x000000062925a708) 
thrown [s\src\hotspot\share\prims\jni.cpp, line 516]
Event: 210.997 Thread 0x000000005f9db1b0 Exception <a 'sun/nio/fs/WindowsException'{0x000000062925ad38}> (0x000000062925ad38) 
thrown [s\src\hotspot\share\prims\jni.cpp, line 516]
Event: 210.997 Thread 0x000000005f9db1b0 Exception <a 'sun/nio/fs/WindowsException'{0x000000062925b420}> (0x000000062925b420) 
thrown [s\src\hotspot\share\prims\jni.cpp, line 516]
Event: 210.998 Thread 0x000000005f9db1b0 Exception <a 'sun/nio/fs/WindowsException'{0x000000062925bb68}> (0x000000062925bb68) 
thrown [s\src\hotspot\share\prims\jni.cpp, line 516]
Event: 210.999 Thread 0x0000000052ef1060 Exception <a 'java/lang/NoSuchMethodError'{0x0000000628c59338}: 'long java.lang.invoke.DirectMethodHandle$Holder.invokeStaticInit(java.lang.Object, java.lang.Object)'> (0x0000000628c59338) 
thrown [s\src\hotspot\share\interpreter\linkResolver.cpp, line 759]
Event: 211.002 Thread 0x000000005f9db1b0 Exception <a 'sun/nio/fs/WindowsException'{0x00000006292652d8}> (0x00000006292652d8) 
thrown [s\src\hotspot\share\prims\jni.cpp, line 516]
Event: 211.018 Thread 0x000000005f9db1b0 Exception <a 'java/lang/IncompatibleClassChangeError'{0x00000006292b9ba8}: Found class java.lang.Object, but interface was expected> (0x00000006292b9ba8) 
thrown [s\src\hotspot\share\interpreter\linkResolver.cpp, line 826]
Event: 211.270 Thread 0x000000005f9db1b0 Implicit null exception at 0x000000001af641b3 to 0x000000001af64310
Event: 213.155 Thread 0x000000005f9db1b0 Exception <a 'java/lang/NoSuchMethodError'{0x000000067c39d610}: 'java.lang.Object java.lang.invoke.DirectMethodHandle$Holder.invokeSpecial(java.lang.Object, java.lang.Object, int, java.lang.Object, java.lang.Object, java.lang.Object)'> (0x000000067c39d610) 
thrown [s\src\hotspot\share\interpreter\linkResolver.cpp, line 759]

VM Operations (20 events):
Event: 211.391 Executing VM operation: HandshakeAllThreads done
Event: 211.391 Executing VM operation: HandshakeAllThreads
Event: 211.394 Executing VM operation: HandshakeAllThreads done
Event: 211.559 Executing VM operation: G1PauseRemark
Event: 211.647 Executing VM operation: G1PauseRemark done
Event: 211.856 Executing VM operation: G1PauseCleanup
Event: 211.933 Executing VM operation: G1PauseCleanup done
Event: 212.156 Executing VM operation: G1CollectForAllocation
Event: 212.271 Executing VM operation: G1CollectForAllocation done
Event: 212.313 Executing VM operation: G1CollectForAllocation
Event: 212.409 Executing VM operation: G1CollectForAllocation done
Event: 213.414 Executing VM operation: Cleanup
Event: 213.628 Executing VM operation: Cleanup done
Event: 215.335 Executing VM operation: G1CollectForAllocation
Event: 215.945 Executing VM operation: G1CollectForAllocation done
Event: 216.254 Executing VM operation: G1CollectForAllocation
Event: 216.525 Executing VM operation: G1CollectForAllocation done
Event: 216.626 Executing VM operation: G1CollectForAllocation
Event: 217.090 Executing VM operation: G1CollectForAllocation done
Event: 217.207 Executing VM operation: G1CollectForAllocation

Memory protections (0 events):
No events

Nmethod flushes (20 events):
Event: 209.305 Thread 0x0000000041321b40 flushing  nmethod 0x000000000ce5a410
Event: 209.305 Thread 0x0000000041321b40 flushing  nmethod 0x000000000ce62490
Event: 209.305 Thread 0x0000000041321b40 flushing  nmethod 0x000000000ce72d10
Event: 209.305 Thread 0x0000000041321b40 flushing  nmethod 0x000000000ce74f10
Event: 209.306 Thread 0x0000000041321b40 flushing  nmethod 0x000000000cec7a90
Event: 209.306 Thread 0x0000000041321b40 flushing  nmethod 0x000000000ceed790
Event: 209.306 Thread 0x0000000041321b40 flushing  nmethod 0x000000000cefd010
Event: 209.306 Thread 0x0000000041321b40 flushing  nmethod 0x000000000cf1a290
Event: 209.306 Thread 0x0000000041321b40 flushing  nmethod 0x000000000cf54610
Event: 209.306 Thread 0x0000000041321b40 flushing  nmethod 0x000000000cf55190
Event: 209.306 Thread 0x0000000041321b40 flushing  nmethod 0x000000000cf55690
Event: 209.306 Thread 0x0000000041321b40 flushing  nmethod 0x000000000cf57e10
Event: 209.306 Thread 0x0000000041321b40 flushing  nmethod 0x000000000cf59b90
Event: 209.307 Thread 0x0000000041321b40 flushing  nmethod 0x000000000cf75910
Event: 209.307 Thread 0x0000000041321b40 flushing  nmethod 0x000000000cf81a90
Event: 209.307 Thread 0x0000000041321b40 flushing  nmethod 0x000000000cfd8390
Event: 209.307 Thread 0x0000000041321b40 flushing osr nmethod 0x000000000cfd8f10
Event: 209.307 Thread 0x0000000041321b40 flushing  nmethod 0x000000000cfd9b10
Event: 209.307 Thread 0x0000000041321b40 flushing  nmethod 0x000000000cffca90
Event: 211.391 Thread 0x0000000041321b40 flushing  nmethod 0x000000001aa20090

Events (20 events):
Event: 204.169 Thread 0x000000004131f220 Thread added: 0x000000005e302d00
Event: 205.068 Thread 0x00000000499e4840 Thread added: 0x000000005f9e02b0
Event: 205.747 Thread 0x000000005e302d00 Thread exited: 0x000000005e302d00
Event: 208.735 Thread 0x000000004131f220 Thread added: 0x000000005e305230
Event: 208.826 Thread 0x000000004ce9b1d0 Thread added: 0x000000005f9e3a60
Event: 210.065 Thread 0x000000005f9db1b0 Thread added: 0x000000005f9df890
Event: 210.065 Thread 0x000000005f9db1b0 Thread added: 0x000000005f9e11e0
Event: 210.250 Thread 0x000000005f9df890 Thread added: 0x000000005f9e1c00
Event: 210.683 Thread 0x000000005f9d9860 Thread added: 0x0000000052eef200
Event: 210.688 Thread 0x0000000052eef200 Thread added: 0x0000000052eef710
Event: 210.701 Thread 0x0000000052eef710 Thread added: 0x0000000052ef0b50
Event: 210.703 Thread 0x000000005f9d9860 Thread added: 0x0000000052ef1060
Event: 210.715 Thread 0x0000000052ef0b50 Thread added: 0x0000000052ef24a0
Event: 210.716 Thread 0x0000000052ef1060 Thread added: 0x000000004aeff370
Event: 210.734 Thread 0x000000005f9d9860 Thread added: 0x000000004ce99d90
Event: 210.739 Thread 0x0000000052ef24a0 Thread added: 0x000000004a5734e0
Event: 210.757 Thread 0x000000004ce99d90 Thread added: 0x00000000623b3a90
Event: 210.759 Thread 0x000000005f9d9860 Thread added: 0x00000000623b1c30
Event: 210.768 Thread 0x000000004aeff370 Thread added: 0x00000000623af3b0
Event: 210.769 Thread 0x000000004a5734e0 Thread added: 0x00000000623b1720


Dynamic libraries:
0x00007ff778860000 - 0x00007ff77886e000 	C:\Users\Administrator\.jdks\ms-17.0.19\bin\java.exe
0x00007ffc1fe90000 - 0x00007ffc20085000 	C:\Windows\SYSTEM32\ntdll.dll
0x00007ffc1efc0000 - 0x00007ffc1f07d000 	C:\Windows\System32\KERNEL32.DLL
0x00007ffc1da70000 - 0x00007ffc1dd37000 	C:\Windows\System32\KERNELBASE.dll
0x00007ffc1d970000 - 0x00007ffc1da70000 	C:\Windows\System32\ucrtbase.dll
0x00007ffbbf080000 - 0x00007ffbbf09e000 	C:\Users\Administrator\.jdks\ms-17.0.19\bin\VCRUNTIME140.dll
0x00007ffb7d5e0000 - 0x00007ffb7d5f8000 	C:\Users\Administrator\.jdks\ms-17.0.19\bin\jli.dll
0x00007ffc1fc20000 - 0x00007ffc1fdc0000 	C:\Windows\System32\USER32.dll
0x00007ffc01080000 - 0x00007ffc0131b000 	C:\Windows\WinSxS\amd64_microsoft.windows.common-controls_6595b64144ccf1df_6.0.19041.488_none_ca04af081b815d21\COMCTL32.dll
0x00007ffc1d7d0000 - 0x00007ffc1d7f2000 	C:\Windows\System32\win32u.dll
0x00007ffc1f1b0000 - 0x00007ffc1f24e000 	C:\Windows\System32\msvcrt.dll
0x00007ffc1f2d0000 - 0x00007ffc1f2fa000 	C:\Windows\System32\GDI32.dll
0x00007ffc1d860000 - 0x00007ffc1d969000 	C:\Windows\System32\gdi32full.dll
0x00007ffc1d650000 - 0x00007ffc1d6ed000 	C:\Windows\System32\msvcp_win.dll
0x00007ffc1e820000 - 0x00007ffc1e850000 	C:\Windows\System32\IMM32.DLL
0x00007ffbf1f10000 - 0x00007ffbf1f1c000 	C:\Users\Administrator\.jdks\ms-17.0.19\bin\vcruntime140_1.dll
0x00007ffb64d20000 - 0x00007ffb64da9000 	C:\Users\Administrator\.jdks\ms-17.0.19\bin\msvcp140.dll
0x00007ffb2be10000 - 0x00007ffb2ca8b000 	C:\Users\Administrator\.jdks\ms-17.0.19\bin\server\jvm.dll
0x00007ffc1e020000 - 0x00007ffc1e0ca000 	C:\Windows\System32\ADVAPI32.dll
0x00007ffc1ef20000 - 0x00007ffc1efbb000 	C:\Windows\System32\sechost.dll
0x00007ffc1f320000 - 0x00007ffc1f444000 	C:\Windows\System32\RPCRT4.dll
0x00007ffc1f0e0000 - 0x00007ffc1f14b000 	C:\Windows\System32\WS2_32.dll
0x00007ffc1d430000 - 0x00007ffc1d47b000 	C:\Windows\SYSTEM32\POWRPROF.dll
0x00007ffc16bb0000 - 0x00007ffc16bd7000 	C:\Windows\SYSTEM32\WINMM.dll
0x00007ffc0b630000 - 0x00007ffc0b63a000 	C:\Windows\SYSTEM32\VERSION.dll
0x00007ffc1d410000 - 0x00007ffc1d422000 	C:\Windows\SYSTEM32\UMPDC.dll
0x00007ffc1b430000 - 0x00007ffc1b443000 	C:\Windows\SYSTEM32\kernel.appcore.dll
0x00007ffbf1700000 - 0x00007ffbf170a000 	C:\Users\Administrator\.jdks\ms-17.0.19\bin\jimage.dll
0x00007ffbfcfd0000 - 0x00007ffbfd1b4000 	C:\Windows\SYSTEM32\DBGHELP.DLL
0x00007ffc19160000 - 0x00007ffc1918c000 	C:\Windows\SYSTEM32\dbgcore.DLL
0x00007ffc1d5d0000 - 0x00007ffc1d64f000 	C:\Windows\System32\bcryptPrimitives.dll
0x00007ffbcae40000 - 0x00007ffbcae4f000 	C:\Users\Administrator\.jdks\ms-17.0.19\bin\instrument.dll
0x00007ffb6d1d0000 - 0x00007ffb6d1f6000 	C:\Users\Administrator\.jdks\ms-17.0.19\bin\java.dll
0x00007ffb45570000 - 0x00007ffb45646000 	C:\Users\Administrator\.jdks\ms-17.0.19\bin\jsvml.dll
0x00007ffc1e0d0000 - 0x00007ffc1e811000 	C:\Windows\System32\SHELL32.dll
0x00007ffc1b710000 - 0x00007ffc1bea3000 	C:\Windows\SYSTEM32\windows.storage.dll
0x00007ffc1f8c0000 - 0x00007ffc1fc15000 	C:\Windows\System32\combase.dll
0x00007ffc1cea0000 - 0x00007ffc1cecc000 	C:\Windows\SYSTEM32\Wldp.dll
0x00007ffc1e930000 - 0x00007ffc1e9de000 	C:\Windows\System32\SHCORE.dll
0x00007ffc1f150000 - 0x00007ffc1f1a5000 	C:\Windows\System32\shlwapi.dll
0x00007ffc1d500000 - 0x00007ffc1d526000 	C:\Windows\SYSTEM32\profapi.dll
0x00007ffb7b3a0000 - 0x00007ffb7b3b8000 	C:\Users\Administrator\.jdks\ms-17.0.19\bin\zip.dll
0x00007ffb7acf0000 - 0x00007ffb7ad0b000 	C:\Users\Administrator\.jdks\ms-17.0.19\bin\net.dll
0x00007ffc17cd0000 - 0x00007ffc17dd0000 	C:\Windows\SYSTEM32\WINHTTP.dll
0x00007ffc1cc90000 - 0x00007ffc1ccfa000 	C:\Windows\system32\mswsock.dll
0x00007ffb77fc0000 - 0x00007ffb77fd6000 	C:\Users\Administrator\.jdks\ms-17.0.19\bin\nio.dll
0x00007ffbcdac0000 - 0x00007ffbcdad0000 	C:\Users\Administrator\.jdks\ms-17.0.19\bin\verify.dll
0x00007ffb8c3c0000 - 0x00007ffb8c3e7000 	C:\Users\Administrator\.gradle\native\1def1411415f61bf3af743bc5b6707747c0891f09f0c88961ee8f79bc544acac\windows-amd64\native-platform.dll
0x00007ffb5f910000 - 0x00007ffb5f987000 	C:\Users\Administrator\.gradle\native\0.2.8\x86_64-windows-gnu\gradle-fileevents.dll
0x00007ffbeb3a0000 - 0x00007ffbeb3aa000 	C:\Users\Administrator\.jdks\ms-17.0.19\bin\management.dll
0x00007ffbeb390000 - 0x00007ffbeb39c000 	C:\Users\Administrator\.jdks\ms-17.0.19\bin\management_ext.dll
0x00007ffc1f260000 - 0x00007ffc1f268000 	C:\Windows\System32\PSAPI.DLL
0x00007ffc1c9a0000 - 0x00007ffc1c9db000 	C:\Windows\SYSTEM32\IPHLPAPI.DLL
0x00007ffc1f250000 - 0x00007ffc1f259000 	C:\Windows\System32\NSI.dll
0x00007ffc177f0000 - 0x00007ffc17807000 	C:\Windows\SYSTEM32\dhcpcsvc6.DLL
0x00007ffc17760000 - 0x00007ffc1777d000 	C:\Windows\SYSTEM32\dhcpcsvc.DLL
0x00007ffc1c9e0000 - 0x00007ffc1caab000 	C:\Windows\SYSTEM32\DNSAPI.dll
0x00007ffbeb380000 - 0x00007ffbeb389000 	C:\Users\Administrator\.jdks\ms-17.0.19\bin\extnet.dll
0x00007ffc1cee0000 - 0x00007ffc1cef8000 	C:\Windows\SYSTEM32\CRYPTSP.dll
0x00007ffc1c640000 - 0x00007ffc1c674000 	C:\Windows\system32\rsaenh.dll
0x00007ffc1d7a0000 - 0x00007ffc1d7c7000 	C:\Windows\System32\bcrypt.dll
0x00007ffc1d4c0000 - 0x00007ffc1d4ee000 	C:\Windows\SYSTEM32\USERENV.dll
0x00007ffc1ce10000 - 0x00007ffc1ce1c000 	C:\Windows\SYSTEM32\CRYPTBASE.dll
0x00007ffbeb370000 - 0x00007ffbeb37e000 	C:\Users\Administrator\.jdks\ms-17.0.19\bin\sunmscapi.dll
0x00007ffc1dd40000 - 0x00007ffc1de9d000 	C:\Windows\System32\CRYPT32.dll
0x00007ffc1cfc0000 - 0x00007ffc1cfe7000 	C:\Windows\SYSTEM32\ncrypt.dll
0x00007ffc1cf80000 - 0x00007ffc1cfbb000 	C:\Windows\SYSTEM32\NTASN1.dll
0x00007ffbfe370000 - 0x00007ffbfe377000 	C:\Windows\system32\wshunix.dll

dbghelp: loaded successfully - version: 4.0.5 - missing functions: none
symbol engine: initialized successfully - sym options: 0x614 - pdb path: .;C:\Users\Administrator\.jdks\ms-17.0.19\bin;C:\Windows\SYSTEM32;C:\Windows\WinSxS\amd64_microsoft.windows.common-controls_6595b64144ccf1df_6.0.19041.488_none_ca04af081b815d21;C:\Users\Administrator\.jdks\ms-17.0.19\bin\server;C:\Users\Administrator\.gradle\native\1def1411415f61bf3af743bc5b6707747c0891f09f0c88961ee8f79bc544acac\windows-amd64;C:\Users\Administrator\.gradle\native\0.2.8\x86_64-windows-gnu

VM Arguments:
jvm_args: --add-opens=java.base/java.lang=ALL-UNNAMED --add-opens=java.base/java.lang.invoke=ALL-UNNAMED --add-opens=java.base/java.util=ALL-UNNAMED --add-opens=java.prefs/java.util.prefs=ALL-UNNAMED --add-exports=jdk.compiler/com.sun.tools.javac.api=ALL-UNNAMED --add-exports=jdk.compiler/com.sun.tools.javac.util=ALL-UNNAMED --add-opens=java.base/java.util=ALL-UNNAMED --add-opens=java.prefs/java.util.prefs=ALL-UNNAMED --add-opens=java.base/java.nio.charset=ALL-UNNAMED --add-opens=java.base/java.net=ALL-UNNAMED --add-opens=java.base/java.util.concurrent=ALL-UNNAMED --add-opens=java.base/java.util.concurrent.atomic=ALL-UNNAMED --add-opens=java.xml/javax.xml.namespace=ALL-UNNAMED --add-opens=java.base/java.time=ALL-UNNAMED -XX:MaxMetaspaceSize=4G -XX:ReservedCodeCacheSize=512m -XX:+HeapDumpOnOutOfMemoryError -Xmx8G -Dfile.encoding=GBK -Duser.country=CN -Duser.language=zh -Duser.variant -javaagent:C:\Users\Administrator\.gradle\wrapper\dists\gradle-9.1.0-all\2x09zxy9y9fz2e9j6blrf3xag\gradle-9.1.0\lib\agents\gradle-instrumentation-agent-9.1.0.jar 
java_command: org.gradle.launcher.daemon.bootstrap.GradleDaemon 9.1.0
java_class_path (initial): C:\Users\Administrator\.gradle\wrapper\dists\gradle-9.1.0-all\2x09zxy9y9fz2e9j6blrf3xag\gradle-9.1.0\lib\gradle-daemon-main-9.1.0.jar
Launcher Type: SUN_STANDARD

[Global flags]
     intx CICompilerCount                          = 4                                         {product} {ergonomic}
     uint ConcGCThreads                            = 3                                         {product} {ergonomic}
     uint G1ConcRefinementThreads                  = 10                                        {product} {ergonomic}
   size_t G1HeapRegionSize                         = 4194304                                   {product} {ergonomic}
    uintx GCDrainStackTargetSize                   = 64                                        {product} {ergonomic}
     bool HeapDumpOnOutOfMemoryError               = true                                   {manageable} {command line}
   size_t InitialHeapSize                          = 268435456                                 {product} {ergonomic}
   size_t MarkStackSize                            = 4194304                                   {product} {ergonomic}
   size_t MaxHeapSize                              = 8589934592                                {product} {command line}
   size_t MaxMetaspaceSize                         = 4294967296                                {product} {command line}
   size_t MaxNewSize                               = 5150605312                                {product} {ergonomic}
   size_t MinHeapDeltaBytes                        = 4194304                                   {product} {ergonomic}
   size_t MinHeapSize                              = 8388608                                   {product} {ergonomic}
    uintx NonNMethodCodeHeapSize                   = 5839372                                {pd product} {ergonomic}
    uintx NonProfiledCodeHeapSize                  = 265515770                              {pd product} {ergonomic}
    uintx ProfiledCodeHeapSize                     = 265515770                              {pd product} {ergonomic}
    uintx ReservedCodeCacheSize                    = 536870912                              {pd product} {command line}
     bool SegmentedCodeCache                       = true                                      {product} {ergonomic}
   size_t SoftMaxHeapSize                          = 8589934592                             {manageable} {ergonomic}
   double SweeperThreshold                         = 0.234375                                  {product} {ergonomic}
     bool UseCompressedClassPointers               = true                           {product lp64_product} {ergonomic}
     bool UseCompressedOops                        = true                           {product lp64_product} {ergonomic}
     bool UseG1GC                                  = true                                      {product} {ergonomic}
     bool UseLargePagesIndividualAllocation        = false                                  {pd product} {ergonomic}

Logging:
Log output configuration:
 #0: stdout all=warning uptime,level,tags
 #1: stderr all=off uptime,level,tags

Environment Variables:
JAVA_HOME=C:/Users/Administrator/.jdks/ms-17.0.19
CLASSPATH=D:\xml\private_md3music\android\\gradle\wrapper\gradle-wrapper.jar
PATH=C:/Users/Administrator/.jdks/ms-17.0.19\bin;D:\ShadowBot;C:\Windows\system32;C:\Windows;C:\Windows\System32\Wbem;C:\Windows\System32\WindowsPowerShell\v1.0\;C:\Windows\System32\OpenSSH\;C:\Program Files\Git\cmd;C:\Program Files\nodejs\;C:\Users\Administrator\.local\bin;D:\Android\Sdk\platform-tools;D:\Android\Sdk\cmdline-tools\latest\bin;D:\dev\flutter\bin;D:\xml\phpstudy_pro\Extensions\MySQL5.7.26\bin;C:\Program Files\GitHub CLI\;D:\xml\my\.cargo\bind:\xml\Trae CN\bin;C:\Users\Administrator\AppData\Local\agy\bin;C:\Users\Administrator\AppData\Roaming\Claude Code Router\bin;C:\Users\Administrator\tools\apache-maven-3.9.16\bin;C:\Users\Administrator\.jdks\ms-17.0.19\bin;D:\ShadowBot;C:\Users\Administrator\AppData\Local\Programs\Python\Python312\Scripts\;C:\Users\Administrator\AppData\Local\Programs\Python\Python312\;C:\Users\Administrator\AppData\Local\Programs\Python\Launcher\;C:\Users\Administrator\AppData\Local\Microsoft\WindowsApps;D:\IntelliJ IDEA 2026.1.1\bin;C:\Users\Administrator\AppData\Roaming\npm;D:\xml\IntelliJ IDEA 2026.1.1\bin;D:\dev\flutter\bin;D:\Android\Sdk\platform-tools;D:\Android\Sdk\cmdline-tools\latest\bin;C:\Users\Administrator\.cargo\bin;D:\dev\mingw64\bin;D:\dev\flutter\bin\cache\dart-sdk\bin;D:\Android\Sdk\cmake\3.22.1\bin;D:\Android\Sdk\ndk\28.2.13676358\toolchains\llvm\prebuilt\windows-x86_64\bin;D:\dev\flutter\bin\mingit\cmd
USERNAME=Administrator
OS=Windows_NT
PROCESSOR_IDENTIFIER=Intel64 Family 6 Model 165 Stepping 3, GenuineIntel
TMP=C:\Users\ADMINI~1\AppData\Local\Temp
TEMP=C:\Users\ADMINI~1\AppData\Local\Temp



Periodic native trim disabled


---------------  S Y S T E M  ---------------

OS:
 Windows 10 , 64 bit Build 19041 (10.0.19041.292)
OS uptime: 8 days 9:49 hours
Hyper-V role detected

CPU: total 12 (initial active 12) (6 cores per cpu, 2 threads per core) family 6 model 165 stepping 3 microcode 0xea, cx8, cmov, fxsr, ht, mmx, 3dnowpref, sse, sse2, sse3, ssse3, sse4.1, sse4.2, popcnt, lzcnt, tsc, tscinvbit, avx, avx2, aes, erms, clmul, bmi1, bmi2, adx, fma, vzeroupper, clflush, clflushopt, hv
Processor Information for the first 12 processors :
  Max Mhz: 2904, Current Mhz: 2904, Mhz Limit: 2904

Memory: 4k page, system-wide physical 16160M (327M free)
TotalPageFile size 50844M (AvailPageFile size 1541M)
current process WorkingSet (physical memory assigned to process): 1348M, peak: 1458M
current process commit charge ("private bytes"): 2596M, peak: 5080M

vm_info: OpenJDK 64-Bit Server VM (17.0.19+10-LTS) for windows-amd64 JRE (17.0.19+10-LTS), built on Apr 18 2026 18:24:40 by "MicrosoftCorporation" with MS VC++ 17.14 (VS2022)

END.
